No,Spec.,Species,Kimura et al (2013b),Age,Time Slice,Locality,Tooth,Length,Width,VanDam1997,RatioAnterostyle,Angle(anterostyle),Angle(enterostyle),1X,1Y,2X,2Y,3X,3Y,4X,4Y,5X,5Y,6X,6Y,7X,7Y,8X,8Y,9X,9Y,10X,10Y,11X,11Y,12X,12Y,13X,13Y,UniX,UniY
1,221,Karnimata huxleyi,,6.5,Time 8,13,M1/,1.980,1.380,1.160,0.473,48.000,67.000,-0.001,-0.001,-0.001,0.000,0.000,-0.002,-0.002,0.000,0.002,-0.001,0.003,0.004,0.001,-0.001,0.000,-0.003,-0.009,0.002,-0.019,-0.010,-0.001,-0.011,0.022,-0.021,0.001,0.002,0.043,-0.016
2,230,Karnimata huxleyi,,6.5,Time 8,13,M1/,1.890,1.350,1.214,0.624,61.000,70.000,-0.001,-0.001,-0.002,0.000,0.000,-0.002,-0.003,0.003,0.006,-0.007,0.003,0.008,0.001,0.002,0.001,-0.016,-0.018,-0.002,-0.030,-0.007,0.003,-0.003,0.022,-0.024,-0.015,0.012,0.034,0.006
3,233,Karnimata huxleyi,,6.5,Time 8,13,M1/,2.050,1.400,1.181,0.533,58.000,67.000,0.001,0.001,0.001,0.002,0.002,0.000,-0.003,0.003,0.001,-0.004,0.000,-0.003,0.004,0.003,0.004,-0.008,-0.009,0.008,-0.022,-0.001,0.000,-0.012,0.019,-0.019,0.004,0.009,0.043,0.019
4,239,Karnimata huxleyi,,6.5,Time 8,13,M1/,2.140,1.470,1.215,0.627,57.000,64.000,-0.002,-0.001,0.001,0.001,0.000,0.000,-0.004,-0.005,0.002,-0.003,0.003,0.004,0.007,-0.001,-0.007,-0.013,0.004,0.010,-0.014,0.010,0.010,-0.011,0.016,-0.019,0.015,0.002,0.060,0.001
5,240,Karnimata huxleyi,,6.5,Time 8,13,M1/,2.170,1.490,1.192,0.641,59.000,71.000,-0.004,-0.003,0.002,0.005,0.003,-0.001,-0.005,0.002,0.001,-0.004,0.005,0.002,0.009,0.003,0.000,-0.004,0.000,0.016,-0.009,0.000,0.020,-0.008,0.016,-0.030,-0.009,0.014,0.048,0.005
6,241,Karnimata huxleyi,,6.5,Time 8,13,M1/,1.830,1.300,1.153,0.591,50.000,67.000,-0.001,0.000,0.001,0.000,-0.001,-0.001,-0.003,-0.004,0.003,-0.001,0.008,0.005,0.004,-0.001,-0.001,-0.013,-0.014,0.008,-0.018,-0.014,0.019,-0.011,0.031,-0.008,-0.022,0.018,0.034,-0.006
7,245,Karnimata huxleyi,,6.5,Time 8,13,M1/,1.960,1.380,1.160,0.585,43.000,60.000,0.001,0.002,0.002,0.001,0.000,0.000,-0.005,-0.004,0.000,-0.002,0.003,0.000,0.006,0.006,-0.001,-0.010,-0.006,-0.005,-0.029,-0.028,0.018,-0.026,0.049,0.013,0.016,0.004,0.031,-0.011
8,246,Karnimata huxleyi,,6.5,Time 8,13,M1/,2.150,1.450,1.194,0.545,46.000,72.000,-0.002,-0.003,0.001,0.000,-0.003,0.000,-0.004,-0.005,0.002,-0.005,0.005,0.008,0.003,0.000,-0.003,-0.013,-0.010,0.017,-0.016,0.003,0.007,-0.021,0.018,-0.005,-0.012,0.012,0.063,0.017
9,252,Karnimata huxleyi,,6.5,Time 8,13,M1/,2.280,1.490,1.213,0.566,62.000,65.000,0.000,0.000,-0.001,-0.002,-0.002,0.000,0.000,-0.003,0.001,-0.006,0.003,0.006,0.000,-0.002,0.002,-0.009,-0.002,0.003,-0.008,-0.013,0.008,-0.002,0.006,0.003,0.006,0.000,0.020,-0.004
10,253,Karnimata huxleyi,,6.5,Time 8,13,M1/,2.230,1.530,1.210,0.578,47.000,60.000,-0.001,0.000,0.003,0.002,0.002,0.002,-0.001,0.006,0.001,0.001,0.007,0.003,0.001,-0.005,0.003,0.000,-0.007,0.016,0.000,-0.015,0.023,-0.002,0.006,-0.002,0.008,0.002,0.015,-0.029
11,210,Mus auctor,,6.5,Time 8,13,M1/,1.930,1.110,1.069,0.364,42.000,54.000,0.002,0.002,-0.001,0.001,0.002,-0.002,0.000,0.009,-0.004,-0.001,-0.007,-0.010,-0.002,0.007,0.014,0.005,0.002,-0.017,0.000,-0.041,-0.015,0.000,-0.004,0.006,0.043,-0.002,-0.067,-0.008
12,211,Mus auctor,,6.5,Time 8,13,M1/,1.720,1.100,1.123,0.405,34.000,65.000,-0.001,0.000,0.000,0.001,0.002,-0.002,-0.002,0.004,-0.001,0.003,-0.005,-0.009,0.002,0.007,0.003,0.005,-0.015,-0.019,-0.003,-0.032,0.001,-0.002,0.023,-0.015,0.008,0.002,-0.010,0.015
13,214,Mus auctor,,6.5,Time 8,13,M1/,1.690,1.060,1.074,0.381,34.000,60.000,0.003,0.003,-0.004,-0.001,0.002,-0.004,0.007,0.008,-0.003,0.005,0.002,-0.004,-0.007,-0.008,0.014,0.010,0.000,0.006,0.002,-0.008,-0.005,-0.012,-0.002,0.017,0.029,-0.016,-0.004,-0.045
14,215,Mus auctor,,6.5,Time 8,13,M1/,1.840,1.170,1.179,0.365,39.000,50.000,0.002,0.002,0.000,0.001,0.002,-0.001,0.002,0.005,-0.005,0.002,-0.004,-0.006,-0.001,0.002,0.008,0.013,0.006,-0.014,-0.008,-0.032,-0.008,-0.003,-0.002,0.026,0.063,0.010,-0.015,-0.022
15,216,Mus auctor,,6.5,Time 8,13,M1/,1.920,1.080,1.075,0.405,38.000,56.000,0.002,0.002,-0.002,-0.002,0.000,-0.004,0.004,0.004,-0.004,0.004,-0.002,-0.004,-0.005,0.000,0.011,0.015,-0.002,-0.011,0.003,-0.031,-0.015,0.001,-0.019,0.008,0.031,0.004,-0.064,0.001
16,218,Mus auctor,,6.5,Time 8,13,M1/,1.740,1.050,1.092,0.342,42.000,55.000,0.002,0.004,-0.001,0.000,0.002,0.001,0.006,0.006,-0.005,0.004,-0.002,-0.008,-0.002,-0.005,0.006,0.016,0.011,-0.014,0.008,-0.023,0.010,-0.005,0.008,0.023,0.057,-0.003,-0.037,-0.015
17,219,Mus auctor,,6.5,Time 8,13,M1/,1.840,1.150,1.141,0.391,49.000,72.000,0.001,0.003,-0.001,0.000,0.001,0.001,0.003,0.005,-0.003,0.000,-0.005,-0.006,0.001,0.000,0.005,0.012,0.006,-0.019,0.001,-0.011,0.012,0.011,0.006,-0.024,0.017,0.001,-0.027,0.004
18,220,Mus auctor,,6.5,Time 8,13,M1/,1.890,1.170,1.082,0.334,44.000,63.000,0.003,0.004,0.002,0.000,0.001,0.006,0.005,0.007,-0.004,0.003,-0.001,-0.006,-0.003,-0.007,0.009,0.014,0.004,-0.010,0.002,-0.025,0.013,0.005,-0.002,0.002,0.025,-0.002,-0.043,-0.018
19,223,Mus auctor,,6.5,Time 8,13,M1/,1.880,1.190,1.104,0.399,43.000,58.000,0.004,0.004,-0.001,-0.001,0.000,0.001,0.005,-0.002,-0.007,-0.002,0.000,-0.007,0.003,-0.004,0.009,0.008,0.010,-0.013,-0.006,-0.043,0.035,-0.007,0.018,0.002,0.039,0.008,-0.021,0.001
20,224,Mus auctor,,6.5,Time 8,13,M1/,1.710,1.000,1.060,0.389,42.000,58.000,0.000,0.001,0.001,0.001,0.002,0.001,0.000,0.004,0.000,0.001,-0.003,-0.005,-0.001,-0.002,0.003,0.004,0.001,-0.011,-0.001,-0.026,-0.008,-0.014,-0.003,-0.007,0.022,-0.001,-0.032,0.010
21,228,Mus auctor,,6.5,Time 8,13,M1/,1.670,1.080,1.099,0.412,42.000,52.000,0.002,0.002,0.000,0.000,0.002,0.000,0.001,0.003,-0.001,0.004,0.001,-0.003,-0.001,-0.003,0.004,0.000,-0.006,0.005,-0.011,-0.006,0.005,-0.018,0.013,0.022,0.041,-0.023,0.002,-0.036
22,229,Mus auctor,,6.5,Time 8,13,M1/,1.830,1.130,1.105,0.389,40.000,67.000,0.002,0.001,0.000,-0.001,-0.001,0.001,0.004,0.003,-0.001,0.002,0.003,-0.001,-0.004,-0.006,0.010,0.011,-0.014,-0.004,-0.004,-0.023,0.025,0.010,-0.022,-0.022,-0.007,-0.004,-0.049,0.005
23,309,Mus auctor,,6.5,Time 8,13,M1/,1.610,1.090,1.157,0.454,41.000,59.000,0.002,0.002,-0.001,-0.001,0.001,0.000,0.005,0.003,-0.001,0.004,0.003,-0.003,-0.004,-0.007,0.012,0.008,-0.010,-0.002,-0.012,-0.034,0.013,0.014,-0.024,0.007,0.007,-0.024,-0.035,-0.044
24,244,Parapelomys robertsi,,6.5,Time 8,13,M1/,2.690,1.940,1.277,0.683,68.000,73.000,0.000,0.000,0.002,0.000,0.000,0.002,-0.002,0.003,0.003,-0.002,0.002,0.004,0.000,-0.001,0.001,-0.013,-0.016,0.016,-0.022,0.010,0.004,-0.024,0.030,-0.002,0.002,-0.018,0.081,-0.005
25,250,Parapelomys robertsi,,6.5,Time 8,13,M1/,2.860,1.880,1.255,0.667,68.000,63.000,-0.001,-0.001,0.005,0.002,0.001,0.005,-0.004,0.005,0.000,-0.001,-0.001,-0.001,0.002,0.003,-0.001,-0.001,-0.004,0.004,-0.009,-0.007,0.005,-0.001,0.014,0.002,0.023,0.011,0.047,0.010
26,254,Parapelomys robertsi,,6.5,Time 8,13,M1/,2.570,1.830,1.255,0.643,50.000,81.000,-0.002,0.000,-0.001,0.003,0.006,-0.004,-0.002,0.002,0.002,0.003,0.011,0.001,0.009,-0.008,0.001,-0.005,-0.005,0.019,-0.014,-0.007,0.039,-0.025,0.027,-0.002,0.004,-0.006,0.078,-0.005
27,255,Parapelomys robertsi,,6.5,Time 8,13,M1/,2.790,1.870,1.251,0.663,51.000,79.000,-0.003,-0.003,-0.001,0.000,-0.002,0.001,-0.001,-0.006,0.002,-0.006,-0.001,-0.002,0.005,-0.010,-0.007,-0.006,-0.004,0.006,-0.024,-0.011,0.006,-0.009,0.034,0.030,0.019,-0.010,0.038,-0.005
28,262,Parapelomys robertsi,,6.5,Time 8,13,M1/,2.620,1.990,1.286,0.626,70.000,80.000,0.002,0.003,0.002,0.003,0.005,0.002,0.000,0.004,0.002,0.005,0.003,-0.002,0.003,-0.010,0.004,0.000,-0.004,0.007,-0.035,-0.013,-0.003,-0.032,0.034,0.005,0.012,0.001,0.102,-0.003
29,50950,Parapelomys sp.,,7.1,,909,M1/,2.610,1.770,1.203,0.622,73.000,72.000,-0.002,-0.004,0.003,0.001,-0.001,0.002,-0.005,-0.002,0.004,-0.006,0.004,0.007,0.005,0.005,-0.004,-0.023,-0.012,0.010,-0.017,0.010,0.012,-0.006,0.009,-0.011,-0.012,-0.001,0.041,-0.006
30,52941,Parapelomys sp.,,7.18,,581,M1/,2.710,1.760,1.163,0.575,60.000,77.000,-0.002,-0.002,-0.002,0.001,0.001,-0.004,-0.003,0.000,0.003,-0.002,0.003,0.003,0.003,0.000,0.000,-0.012,-0.015,0.016,-0.013,0.004,0.000,-0.006,0.012,-0.015,-0.016,0.009,0.053,0.022
31,52928,Karnimata sp.,,7.35,Time 7,921,M1/,2.190,1.420,1.180,0.662,64.000,71.000,0.002,0.001,0.000,0.001,0.000,0.001,0.001,0.002,0.000,-0.003,0.004,0.005,-0.002,-0.005,0.005,0.002,0.002,0.011,-0.017,0.006,0.005,-0.012,-0.010,-0.014,0.012,0.008,0.047,0.022
32,52931,Karnimata sp.,,7.35,Time 7,921,M1/,2.210,1.420,1.158,0.608,56.000,70.000,-0.002,-0.002,-0.001,0.001,0.001,-0.001,-0.002,0.001,0.003,-0.003,-0.002,0.002,0.002,0.002,-0.002,-0.005,-0.001,-0.003,-0.011,0.001,-0.009,0.015,-0.022,-0.008,-0.018,0.034,0.033,-0.007
33,52934,Karnimata sp.,,7.35,Time 7,921,M1/,2.350,1.510,1.190,0.604,45.000,61.000,-0.001,-0.001,-0.001,0.000,-0.001,-0.002,-0.003,-0.003,0.001,-0.006,0.000,0.000,0.003,0.004,0.000,-0.014,-0.006,0.005,-0.015,-0.004,0.001,-0.001,0.002,0.004,0.009,0.014,0.028,0.011
34,52986,Karnimata sp.,,7.35,Time 7,931,M1/,2.350,1.550,1.168,0.612,52.000,71.000,0.001,0.000,0.005,0.001,-0.001,0.004,-0.003,-0.005,0.001,0.000,0.001,0.001,0.002,0.003,-0.002,-0.006,-0.009,0.001,-0.017,-0.008,0.000,0.008,-0.011,-0.001,-0.006,0.029,0.024,-0.021
35,52987,Karnimata sp.,,7.35,Time 7,931,M1/,2.230,1.490,1.202,0.588,51.000,68.000,0.001,0.001,0.001,0.000,-0.002,0.001,-0.004,-0.007,0.002,-0.003,0.002,0.006,0.003,0.004,-0.003,-0.011,-0.007,-0.010,-0.030,-0.014,-0.003,0.009,0.010,-0.004,-0.007,0.017,0.041,0.019
36,52988,Karnimata sp.,,7.35,Time 7,931,M1/,2.240,1.540,1.215,0.578,50.000,67.000,0.000,-0.001,0.001,0.000,-0.003,0.001,-0.004,-0.008,0.000,-0.005,-0.002,0.002,0.003,0.003,-0.005,-0.006,-0.003,0.004,-0.021,0.005,-0.017,-0.002,0.007,-0.013,-0.006,0.024,0.053,-0.021
37,52992,Karnimata sp.,,7.35,Time 7,931,M1/,2.420,1.500,1.155,0.657,63.000,66.000,0.000,-0.001,0.000,-0.002,-0.002,-0.001,-0.001,-0.006,-0.001,0.002,-0.002,-0.003,-0.001,0.002,-0.002,-0.001,-0.011,0.003,-0.002,-0.006,-0.016,0.007,0.011,0.009,0.006,0.005,0.005,-0.003
38,52993,Karnimata sp.,,7.35,Time 7,931,M1/,2.280,1.520,1.174,0.600,63.000,71.000,-0.003,-0.002,0.001,0.003,0.002,-0.001,-0.005,0.002,0.001,0.001,-0.003,-0.001,0.005,0.005,-0.003,0.008,-0.005,-0.007,-0.025,-0.011,-0.010,-0.004,0.018,-0.002,0.023,0.017,0.050,0.004
39,52997,Karnimata sp.,,7.35,Time 7,931,M1/,2.210,1.510,1.246,0.656,60.000,75.000,-0.002,-0.003,-0.001,-0.001,-0.003,-0.001,-0.003,-0.007,0.002,-0.004,-0.002,0.002,0.003,0.003,-0.008,-0.010,-0.007,0.000,-0.015,0.006,-0.013,0.009,0.008,-0.011,-0.010,0.023,0.056,-0.009
40,53001,Karnimata sp.,,7.35,Time 7,931,M1/,2.230,1.490,1.192,0.571,59.000,71.000,0.001,0.000,-0.001,-0.002,-0.003,-0.001,-0.002,-0.009,0.002,-0.001,0.001,0.003,0.001,-0.001,-0.006,-0.010,-0.013,-0.004,-0.023,-0.009,-0.005,-0.006,0.019,-0.001,0.003,0.009,0.025,0.003
41,53003,Karnimata sp.,,7.35,Time 7,931,M1/,2.220,1.460,1.210,0.556,66.000,75.000,0.001,0.000,0.001,-0.001,-0.003,0.002,0.000,-0.007,0.000,-0.003,-0.003,-0.005,0.002,0.000,-0.001,-0.003,-0.010,0.000,-0.007,-0.001,0.004,0.008,0.006,-0.013,-0.023,0.011,0.036,0.008
42,53006,Karnimata sp.,,7.35,Time 7,931,M1/,2.040,1.400,1.192,0.566,66.000,65.000,0.000,0.000,0.001,-0.001,-0.003,0.001,-0.002,-0.009,-0.001,0.000,0.001,0.002,0.003,0.001,-0.009,-0.002,0.001,-0.002,-0.014,-0.001,0.005,-0.008,0.013,-0.002,0.020,0.007,0.047,-0.015
43,53007,Karnimata sp.,,7.35,Time 7,931,M1/,2.250,1.460,1.222,0.580,70.000,77.000,0.000,0.000,0.001,0.000,-0.001,0.000,-0.003,-0.007,0.001,-0.002,0.002,0.003,0.003,0.001,-0.002,-0.007,-0.002,0.005,-0.017,0.000,-0.006,0.007,-0.010,-0.012,-0.008,0.017,0.033,0.009
44,52930,Karnimata sp. *,,7.35,Time 6,921,M1/,2.460,1.670,1.251,0.660,72.000,69.000,0.001,0.000,-0.001,-0.001,-0.001,-0.003,-0.001,-0.003,-0.001,-0.003,0.003,0.004,0.000,0.004,0.003,-0.009,-0.004,0.007,-0.013,-0.003,0.001,0.002,0.009,0.003,0.013,0.000,0.040,0.003
45,52989,Karnimata sp. *,,7.35,Time 6,931,M1/,2.440,1.640,1.197,0.649,72.000,72.000,0.000,0.001,-0.001,0.002,0.002,-0.004,-0.002,-0.001,0.002,0.003,0.008,0.006,0.004,0.001,0.001,-0.004,-0.008,0.006,-0.028,-0.001,0.019,-0.012,0.002,-0.007,-0.015,0.003,0.050,0.037
46,50108,morphotype 4,,7.35,,931,M1/,2.230,1.400,1.128,0.405,41.000,70.000,0.002,0.002,-0.001,-0.001,0.000,0.000,0.003,0.000,-0.003,0.000,-0.005,-0.007,-0.001,0.000,0.002,0.011,0.010,-0.010,0.013,0.006,-0.006,-0.001,-0.015,-0.018,-0.004,0.007,0.020,-0.007
47,52921,morphotype 4,,7.35,,921,M1/,2.320,1.420,1.080,0.507,42.000,65.000,0.003,0.004,0.001,0.003,0.003,0.003,0.000,0.007,-0.003,-0.003,-0.007,-0.007,0.001,0.006,0.007,0.005,0.017,-0.016,-0.005,-0.004,-0.020,0.002,-0.007,-0.009,0.014,0.005,0.009,0.023
48,52984,morphotype 4,,7.35,,931,M1/,2.240,1.360,1.070,0.417,44.000,70.000,-0.001,0.000,0.001,0.000,0.000,0.000,0.000,-0.001,-0.005,0.000,-0.002,-0.006,0.003,0.002,-0.001,0.012,0.014,-0.001,0.020,-0.012,0.002,0.006,0.011,0.012,0.023,-0.008,-0.017,-0.030
49,52920,Mus sp.,,7.35,Time 7,921,M1/,1.440,0.790,1.000,0.368,40.000,60.000,0.002,0.001,-0.001,-0.002,-0.002,0.001,0.002,-0.001,-0.001,-0.001,-0.003,0.001,-0.006,0.001,0.002,0.000,-0.001,-0.013,-0.008,-0.002,-0.016,-0.003,-0.004,0.029,0.006,0.010,-0.035,0.025
50,52972,Mus sp.,,7.35,Time 7,931,M1/,1.610,0.920,1.019,0.373,43.000,55.000,0.001,0.001,-0.001,-0.001,0.000,0.001,0.004,0.007,-0.005,0.000,-0.005,-0.005,-0.005,0.001,0.007,0.015,0.008,-0.007,0.018,-0.015,-0.007,0.016,0.001,0.037,0.048,0.022,-0.035,-0.005
51,52973,Mus sp.,,7.35,Time 7,931,M1/,1.570,0.860,0.964,0.364,44.000,60.000,0.001,0.002,0.000,0.000,0.000,0.000,0.002,-0.002,-0.006,0.003,-0.001,-0.003,0.001,0.003,-0.003,0.015,0.023,-0.009,0.021,-0.003,0.004,-0.006,0.021,0.003,0.034,0.004,-0.026,0.021
52,52974,Mus sp.,,7.35,Time 7,931,M1/,1.540,0.960,1.113,0.428,43.000,48.000,0.004,0.003,0.001,0.000,0.000,0.005,0.004,0.009,-0.002,0.000,-0.004,-0.007,-0.007,-0.002,0.012,0.009,-0.005,-0.012,-0.021,-0.025,-0.006,-0.015,0.017,0.041,0.041,-0.008,-0.027,-0.004
53,52976,Mus sp.,,7.35,Time 7,931,M1/,1.570,0.880,1.003,0.359,44.000,59.000,0.001,0.002,-0.002,0.000,0.001,-0.001,0.004,0.005,-0.003,-0.001,-0.001,-0.008,0.000,-0.004,0.008,0.014,0.004,-0.009,0.001,-0.034,0.012,-0.008,0.014,0.012,0.015,-0.006,-0.070,0.022
54,52977,Mus sp.,,7.35,Time 7,931,M1/,1.590,0.920,0.995,0.435,37.000,68.000,0.003,0.002,0.000,-0.001,0.000,0.002,0.001,0.001,-0.001,-0.002,-0.004,-0.004,-0.002,0.000,0.003,-0.003,0.003,-0.004,-0.005,0.000,-0.014,-0.001,0.007,0.003,0.014,-0.002,-0.019,0.016
55,52978,Mus sp.,,7.35,Time 7,931,M1/,1.610,0.910,1.037,0.314,35.000,65.000,0.003,0.004,0.001,-0.001,0.000,0.003,0.003,0.002,-0.003,0.002,-0.001,-0.004,-0.004,0.000,0.005,0.005,0.004,-0.007,0.011,-0.008,0.004,-0.003,0.004,0.013,0.000,0.012,-0.050,0.011
56,52979,Mus sp.,,7.35,Time 7,931,M1/,1.600,0.900,1.030,0.336,42.000,55.000,0.002,0.001,-0.003,-0.001,0.001,-0.004,0.003,0.005,-0.002,0.002,-0.002,-0.003,-0.004,0.001,0.008,0.009,0.004,-0.005,0.002,-0.003,-0.020,-0.003,-0.001,0.016,0.013,-0.004,-0.018,0.016
57,52980,Mus sp.,,7.35,Time 7,931,M1/,1.670,0.890,0.998,0.314,40.000,59.000,0.005,0.005,-0.002,0.000,0.002,0.001,0.008,0.008,-0.005,0.009,0.004,0.001,-0.007,-0.010,0.011,0.014,0.019,-0.008,0.012,-0.011,0.006,-0.006,0.006,0.017,0.029,-0.006,-0.065,0.016
58,52922,Progonomys sp.,,7.35,Time 7,921,M1/,1.870,1.140,1.076,0.447,36.000,64.000,0.001,0.002,-0.001,0.001,0.001,0.000,0.001,0.001,-0.002,-0.001,-0.001,-0.001,0.000,-0.001,0.002,0.004,0.014,-0.005,0.001,-0.010,-0.007,-0.004,0.002,-0.003,0.015,0.006,-0.002,0.015
59,52923,Progonomys sp.,,7.35,Time 7,921,M1/,2.050,1.190,1.082,0.454,34.000,70.000,-0.002,-0.001,0.003,0.004,0.003,0.001,-0.004,0.003,-0.002,0.001,-0.002,-0.004,0.004,0.005,-0.002,0.003,0.014,0.006,0.011,-0.001,-0.019,0.005,0.008,0.011,0.023,-0.008,0.003,0.026
60,52925,Progonomys sp.,,7.35,Time 7,921,M1/,2.060,1.210,1.051,0.413,36.000,60.000,0.001,0.001,0.000,0.000,0.000,-0.001,0.000,0.002,-0.005,-0.006,-0.007,-0.009,0.001,0.008,0.005,0.013,0.014,-0.008,0.003,-0.010,-0.020,0.000,0.010,0.010,0.017,0.012,-0.016,0.004
61,52926,Progonomys sp.,,7.35,Time 7,921,M1/,1.970,1.210,1.115,0.457,45.000,62.000,0.000,0.000,0.003,-0.001,-0.002,0.002,0.000,-0.005,-0.007,0.001,0.000,-0.001,0.000,0.003,-0.002,0.011,0.015,0.002,0.015,-0.016,-0.003,-0.003,0.012,0.001,0.035,-0.009,-0.002,-0.008
62,52982,Progonomys sp.,,7.35,Time 7,931,M1/,1.920,1.170,1.104,0.371,37.000,65.000,-0.001,0.000,0.001,0.002,0.002,-0.002,-0.002,0.001,-0.003,-0.001,0.000,-0.003,0.006,0.010,0.002,0.008,0.008,-0.008,0.001,-0.015,0.016,0.002,0.008,0.014,0.009,0.018,-0.027,0.006
63,52983,Progonomys sp.,,7.35,Time 7,931,M1/,1.890,1.150,1.070,0.398,45.000,61.000,0.002,0.002,0.000,-0.001,-0.001,-0.001,0.001,-0.001,-0.006,-0.003,-0.002,-0.005,0.000,0.008,0.004,0.010,0.012,-0.003,-0.001,0.002,0.001,-0.011,0.040,0.005,0.024,-0.018,-0.015,0.014
64,27471,Karnimata sp. *,,7.4,Time 6,457,M1/,2.520,1.590,1.120,0.616,54.000,81.000,0.002,0.002,0.000,0.000,0.000,0.002,0.002,-0.001,0.000,0.002,0.001,-0.004,-0.001,-0.005,0.004,0.000,-0.008,0.004,-0.011,-0.008,0.003,-0.007,-0.004,-0.004,0.004,-0.008,0.029,0.020
65,27467,Progonomys sp.,,7.4,Time 7,457,M1/,1.870,1.200,1.088,0.445,44.000,69.000,0.000,0.001,-0.002,0.001,0.002,-0.003,-0.002,0.001,0.000,-0.003,-0.004,-0.004,0.006,0.007,-0.001,-0.003,0.004,-0.017,-0.014,-0.015,0.002,-0.003,0.028,0.002,-0.002,0.020,0.025,0.023
66,27469,Progonomys sp.,,7.4,Time 7,457,M1/,1.820,1.080,1.099,0.490,46.000,53.000,-0.001,0.000,-0.003,0.000,0.002,-0.003,0.002,0.000,0.000,0.004,-0.001,-0.005,0.002,-0.002,-0.003,0.003,0.000,-0.003,0.009,-0.004,0.009,0.007,0.000,0.015,0.019,0.013,-0.022,-0.008
67,27460,morphotype 8,,7.95,,547,M1/,2.280,1.420,1.089,0.627,47.000,56.000,-0.002,-0.002,-0.004,0.000,0.001,-0.003,-0.002,0.004,0.003,-0.007,-0.004,-0.006,0.004,0.010,0.002,-0.012,-0.013,-0.012,0.001,-0.012,0.014,0.005,0.018,0.001,-0.028,0.020,-0.011,0.015
68,27463,Parapelomys sp.,,7.95,,547,M1/,2.750,1.800,1.179,0.702,81.000,71.000,-0.001,-0.001,0.002,0.001,0.000,0.000,-0.005,0.001,0.001,0.000,0.003,0.006,0.002,0.007,0.000,-0.004,-0.011,0.004,-0.026,-0.007,-0.001,-0.002,0.032,0.001,0.010,-0.016,0.039,0.020
69,27515,Karnimata sp. (+ large Karnimata sp.),,8.2,Time 6,24,M1/,2.520,1.630,1.137,0.597,61.000,76.000,-0.003,-0.004,0.002,0.001,-0.001,0.001,-0.004,-0.002,0.001,-0.004,0.001,0.005,0.002,0.003,-0.005,-0.009,-0.003,0.004,-0.012,0.001,0.000,-0.001,0.013,-0.001,0.016,0.012,0.031,0.004
70,27517,Karnimata sp. (+ large Karnimata sp.),,8.2,Time 6,24,M1/,2.480,1.680,1.166,0.588,48.000,68.000,-0.002,-0.002,0.001,0.001,0.000,0.000,-0.004,-0.001,0.002,-0.004,-0.001,-0.002,0.006,0.004,-0.005,-0.008,-0.006,0.000,-0.016,-0.006,0.002,-0.007,0.048,0.000,-0.007,0.002,0.048,-0.007
71,27520,Karnimata sp. (+ large Karnimata sp.),,8.2,Time 6,24,M1/,2.580,1.680,1.149,0.621,53.000,71.000,-0.004,-0.004,0.001,0.001,-0.002,0.000,-0.001,-0.006,0.001,0.001,0.005,0.003,0.003,-0.006,-0.007,0.002,0.000,0.013,0.000,0.001,0.019,0.004,-0.006,0.007,0.013,0.021,0.020,-0.016
72,27525,Karnimata sp. (+ large Karnimata sp.),,8.2,Time 6,24,M1/,2.430,1.600,1.161,0.680,51.000,78.000,-0.002,-0.002,0.002,0.001,-0.001,0.000,-0.004,-0.006,-0.001,-0.001,0.002,-0.001,0.008,0.002,-0.003,-0.002,-0.003,0.002,-0.014,-0.020,0.011,0.005,0.025,-0.024,0.001,-0.004,0.026,0.006
73,27529,Karnimata sp. (+ large Karnimata sp.),,8.2,Time 6,24,M1/,2.400,1.620,1.160,0.658,67.000,73.000,-0.002,-0.002,0.001,0.003,0.002,0.000,-0.004,0.003,0.003,-0.001,0.003,0.004,0.006,0.003,-0.003,-0.008,-0.003,0.004,-0.021,0.008,0.012,0.004,0.017,-0.005,-0.003,0.008,0.040,0.026
74,27530,Karnimata sp. (+ large Karnimata sp.),,8.2,Time 6,24,M1/,2.750,1.770,1.212,0.673,45.000,63.000,-0.002,-0.002,0.000,0.002,0.001,-0.001,-0.002,0.004,0.002,-0.001,-0.001,0.000,0.002,0.000,-0.003,-0.004,-0.006,0.000,-0.018,0.001,0.001,-0.004,0.008,0.010,0.049,0.000,0.035,-0.001
75,27532,Karnimata sp. (+ large Karnimata sp.),,8.2,Time 6,24,M1/,2.630,1.680,1.166,0.592,47.000,72.000,0.001,0.001,0.004,0.002,0.002,0.004,-0.001,0.000,-0.001,0.003,0.000,-0.001,0.002,-0.002,-0.003,0.002,0.008,0.002,0.002,0.003,-0.003,0.007,0.001,-0.001,0.002,0.014,0.042,-0.012
76,27537,Karnimata sp. (+ large Karnimata sp.),,8.2,Time 6,24,M1/,2.610,1.660,1.140,0.643,53.000,74.000,-0.001,-0.002,0.000,0.000,-0.002,-0.001,-0.004,-0.007,0.002,-0.004,-0.003,0.001,0.002,0.007,-0.004,-0.011,-0.013,-0.002,-0.029,0.005,-0.015,0.008,0.012,0.020,-0.012,0.028,0.044,0.008
77,27538,Karnimata sp. (+ large Karnimata sp.),,8.2,Time 6,24,M1/,2.640,1.630,1.111,0.645,73.000,74.000,-0.001,-0.002,-0.001,0.000,-0.001,-0.002,-0.001,0.000,0.003,-0.006,0.003,0.004,0.000,-0.001,0.002,-0.008,-0.011,0.008,-0.013,-0.002,0.006,0.006,-0.012,0.001,-0.014,0.012,0.019,0.030
78,27539,Karnimata sp. (+ large Karnimata sp.),,8.2,Time 6,24,M1/,2.470,1.520,1.065,0.626,62.000,67.000,-0.003,-0.002,0.003,0.002,0.000,0.001,-0.003,-0.005,-0.001,0.000,0.006,0.001,0.008,-0.003,-0.004,0.005,0.004,0.009,-0.008,-0.013,0.031,-0.002,0.004,-0.006,0.002,-0.007,0.002,0.026
79,27545,Karnimata sp. (+ large Karnimata sp.),,8.2,Time 6,24,M1/,2.530,1.620,1.124,0.593,62.000,81.000,0.000,0.000,0.001,0.001,0.000,0.000,-0.001,-0.001,0.000,0.000,0.002,-0.001,0.003,0.003,0.001,-0.001,-0.008,0.004,-0.006,0.001,0.019,0.008,0.000,-0.009,-0.011,0.011,0.032,0.026
80,27546,Karnimata sp. (+ large Karnimata sp.),,8.2,Time 6,24,M1/,2.540,1.570,1.112,0.604,40.000,81.000,0.002,0.001,0.000,-0.002,-0.002,0.000,0.000,-0.007,0.001,-0.001,0.000,0.002,-0.002,0.001,-0.001,-0.009,-0.007,0.002,-0.004,0.009,-0.006,0.018,-0.019,0.015,-0.021,0.010,0.012,0.002
81,27549,Karnimata sp. (+ large Karnimata sp.),,8.2,Time 6,24,M1/,2.600,1.620,1.133,0.681,47.000,73.000,-0.003,-0.002,0.003,0.003,0.000,0.001,-0.004,-0.007,0.002,0.002,0.003,0.004,0.006,0.000,-0.009,0.001,0.001,0.002,-0.017,0.000,0.008,-0.010,-0.002,-0.010,-0.008,0.021,0.030,0.039
82,33161,Karnimata sp. (+ large Karnimata sp.),,8.2,Time 6,24,M1/,2.600,1.670,1.145,0.659,53.000,78.000,0.001,0.000,0.001,-0.001,0.000,0.002,0.000,-0.007,-0.001,-0.002,-0.002,-0.004,0.002,-0.006,-0.002,-0.009,-0.003,0.009,-0.015,-0.005,-0.018,0.014,0.013,0.019,0.032,-0.011,0.041,-0.014
83,27522,morphotype 7,,8.2,Time 6,24,M1/,1.870,1.140,1.087,0.624,45.000,61.000,0.000,-0.001,0.003,0.000,-0.003,0.003,-0.002,-0.006,0.000,-0.002,0.000,-0.002,0.002,0.001,-0.002,0.001,-0.013,0.008,-0.016,0.007,0.014,0.001,0.009,-0.001,-0.023,0.009,0.011,0.024
84,27521,Progonomys sp.,,8.2,Time 6,24,M1/,1.920,1.090,1.093,0.464,41.000,55.000,0.001,0.001,-0.002,0.000,0.002,-0.003,0.002,0.007,0.000,0.003,-0.005,-0.008,-0.002,0.004,0.008,0.008,-0.009,-0.015,-0.002,-0.001,-0.010,0.005,-0.012,0.005,0.003,0.002,-0.016,0.013
85,27523,Progonomys sp.,,8.2,Time 6,24,M1/,1.810,1.120,1.075,0.382,41.000,62.000,-0.001,0.000,0.001,0.001,0.002,0.001,0.000,0.004,0.000,0.006,0.000,0.001,0.000,-0.003,-0.003,0.008,0.004,0.001,0.004,0.007,-0.005,-0.011,0.022,-0.011,0.021,-0.015,0.001,-0.005
86,27524,Progonomys sp.,,8.2,Time 6,24,M1/,1.800,1.020,1.099,0.434,39.000,59.000,-0.001,0.000,0.000,0.000,0.001,0.002,0.001,0.001,0.000,0.003,0.000,0.001,0.000,-0.007,-0.003,0.008,0.007,0.001,0.004,0.005,0.003,0.003,0.005,-0.001,0.003,-0.010,-0.014,0.016
87,27528,Progonomys sp.,,8.2,Time 6,24,M1/,1.610,1.010,1.105,0.424,34.000,63.000,-0.001,0.000,-0.002,0.001,0.003,-0.003,0.000,-0.001,-0.002,0.004,-0.002,-0.005,0.006,0.001,-0.005,0.006,0.012,-0.008,0.006,-0.012,0.005,0.012,0.021,0.011,0.009,-0.011,0.008,-0.016
88,27531,Progonomys sp.,,8.2,Time 6,24,M1/,1.990,1.110,1.037,0.346,45.000,61.000,-0.002,-0.001,0.001,0.001,0.001,0.000,0.000,0.002,0.000,0.001,0.002,-0.001,0.002,-0.001,0.001,0.007,0.001,-0.002,0.008,-0.019,0.016,0.015,-0.012,0.003,-0.004,-0.007,-0.034,0.035
89,27534,Progonomys sp.,,8.2,Time 6,24,M1/,1.650,0.990,1.054,0.463,37.000,65.000,-0.001,-0.002,-0.001,-0.001,-0.001,-0.002,0.000,0.002,0.000,-0.002,-0.002,0.004,-0.003,0.003,0.001,0.001,0.004,-0.003,0.004,-0.001,-0.018,0.007,0.000,0.018,0.005,-0.007,-0.007,-0.038
90,27540,Progonomys sp.,,8.2,Time 6,24,M1/,1.780,1.030,1.055,0.467,53.000,56.000,-0.001,-0.001,0.000,0.002,0.002,-0.002,-0.003,0.007,0.000,-0.005,-0.004,-0.001,0.005,0.015,0.002,0.003,-0.003,-0.013,-0.012,0.006,-0.001,0.014,0.016,-0.010,0.000,0.015,-0.029,0.026
91,27541,Progonomys sp.,,8.2,Time 6,24,M1/,1.740,1.030,1.067,0.362,39.000,55.000,0.001,0.002,-0.001,-0.001,0.001,-0.002,0.001,-0.003,-0.001,0.006,0.003,-0.004,0.000,0.001,0.001,-0.005,-0.008,0.008,0.007,0.001,0.007,0.004,-0.005,0.013,0.013,0.002,-0.019,-0.002
92,27543,Progonomys sp.,,8.2,Time 6,24,M1/,1.760,1.090,1.117,0.492,51.000,62.000,-0.001,-0.001,0.000,0.001,0.001,-0.003,-0.001,0.002,-0.002,0.001,0.000,-0.002,0.001,0.002,0.004,0.013,-0.001,0.004,-0.005,-0.008,-0.001,-0.005,0.021,-0.005,0.001,-0.009,0.011,0.005
93,27551,Progonomys sp.,,8.2,Time 6,24,M1/,1.820,1.070,1.105,0.434,44.000,62.000,0.000,0.000,0.001,0.001,0.001,0.001,0.001,0.008,0.000,-0.001,0.001,0.001,-0.002,0.001,0.005,0.006,0.000,-0.005,0.010,-0.010,0.012,0.006,-0.005,-0.017,-0.005,-0.003,-0.031,0.029
94,33404,Progonomys sp.,,8.2,Time 6,34,M1/,1.930,1.080,1.075,0.414,37.000,66.000,0.000,-0.001,0.001,-0.001,-0.002,0.003,0.002,0.005,0.000,0.002,-0.003,0.003,-0.008,0.000,0.001,0.004,-0.001,-0.007,0.018,0.002,-0.022,0.014,-0.013,0.003,-0.005,0.008,-0.019,0.007
95,27465,morphotype 7,,8.7,,387,M1/,1.860,1.200,1.099,0.502,57.000,65.000,0.000,0.001,0.002,0.001,0.001,0.000,-0.002,-0.002,-0.003,-0.001,0.000,-0.002,0.006,0.004,-0.002,0.003,0.012,-0.006,-0.002,-0.016,0.012,0.001,0.014,0.003,0.018,0.006,0.029,0.005
96,27466,morphotype 7,,8.7,,387,M1/,1.950,1.210,1.176,0.440,43.000,61.000,0.001,0.000,0.000,0.000,0.001,0.000,0.000,0.003,-0.003,-0.002,-0.003,-0.007,0.000,0.002,0.006,0.002,0.001,0.006,0.004,-0.014,-0.008,0.004,0.026,0.018,0.022,-0.018,-0.002,-0.023
97,27484,Karnimata sp. (+ large Karnimata sp.),,8.75,Time 5,388,M1/,2.630,1.570,1.094,0.693,60.000,65.000,-0.001,-0.001,-0.001,-0.001,-0.001,-0.002,-0.001,-0.002,0.001,0.000,-0.001,0.000,-0.001,0.002,-0.003,-0.006,-0.012,0.004,-0.008,0.006,-0.009,-0.003,0.014,0.013,0.019,0.007,0.001,0.009
98,27486,Karnimata sp. (+ large Karnimata sp.),,8.75,Time 5,388,M1/,2.530,1.650,1.154,0.706,61.000,71.000,0.000,0.000,0.001,0.000,-0.002,0.000,-0.003,-0.001,0.001,-0.002,0.004,0.007,0.002,0.005,-0.001,-0.005,-0.010,-0.001,-0.026,-0.007,0.018,-0.009,0.042,0.008,-0.009,0.009,0.036,0.039
99,27490,Karnimata sp. (+ large Karnimata sp.),,8.75,Time 5,388,M1/,2.400,1.490,1.141,0.633,56.000,72.000,-0.001,-0.002,-0.001,-0.002,-0.003,-0.003,-0.002,-0.004,-0.001,-0.003,-0.004,-0.001,-0.002,0.007,0.000,-0.004,-0.015,0.002,-0.015,0.003,-0.015,0.006,0.016,0.010,0.023,0.017,0.016,0.007
100,27505,Karnimata sp. (+ large Karnimata sp.),,8.75,Time 5,388,M1/,2.420,1.550,1.139,0.742,58.000,66.000,-0.002,-0.004,0.000,-0.001,-0.003,0.001,-0.004,-0.005,0.004,-0.004,-0.004,-0.001,0.001,0.009,-0.006,-0.020,-0.022,-0.011,-0.014,-0.006,0.002,0.006,0.014,0.028,0.006,0.013,-0.004,-0.001
101,27507,Karnimata sp. (+ large Karnimata sp.),,8.75,Time 5,388,M1/,2.250,1.480,1.166,0.627,58.000,68.000,-0.001,-0.002,0.001,0.000,-0.001,0.001,-0.004,0.002,0.002,-0.007,-0.004,-0.002,0.003,0.010,-0.002,-0.009,-0.011,-0.008,-0.016,-0.003,0.003,-0.001,0.036,0.009,0.000,-0.007,0.028,0.007
102,27512,morphotype 4,,8.75,,388,M1/,2.240,1.350,1.145,0.615,60.000,69.000,-0.002,-0.002,0.000,0.001,0.001,0.000,-0.003,0.002,0.002,-0.003,-0.002,0.001,0.003,0.005,-0.003,-0.008,-0.008,-0.008,-0.018,-0.008,-0.002,0.014,0.010,0.001,0.020,-0.001,-0.036,0.022
103,27483,Progonomys sp.,,8.75,Time 5,388,M1/,1.620,1.020,1.086,0.501,43.000,67.000,0.003,0.004,0.000,-0.001,0.002,0.002,0.004,0.001,-0.003,0.005,-0.004,-0.009,-0.002,-0.003,0.002,0.004,0.004,-0.007,0.010,-0.008,-0.005,0.008,0.016,0.020,0.016,-0.006,0.004,-0.029
104,27485,Progonomys sp.,,8.75,Time 5,388,M1/,1.740,1.060,1.124,0.435,43.000,75.000,0.000,0.000,-0.003,-0.003,-0.002,-0.002,0.003,0.000,-0.001,-0.002,-0.003,-0.001,-0.004,0.000,0.002,0.004,-0.001,-0.005,0.014,-0.004,-0.002,0.016,0.002,-0.002,-0.002,0.006,0.019,0.010
105,27487,Progonomys sp.,,8.75,Time 5,388,M1/,1.790,1.100,1.123,0.397,38.000,68.000,-0.001,-0.001,0.001,0.001,0.001,-0.002,-0.001,-0.001,-0.003,0.001,0.000,-0.001,0.003,0.004,0.001,0.007,0.008,0.002,0.004,-0.006,-0.003,0.017,0.002,0.009,0.010,-0.013,-0.001,-0.009
106,27488,Progonomys sp.,,8.75,Time 5,388,M1/,1.820,1.190,1.127,0.442,50.000,55.000,0.001,0.001,0.000,0.000,0.001,-0.001,-0.001,0.001,-0.003,-0.004,-0.005,-0.006,0.003,0.011,0.005,-0.003,-0.003,-0.013,-0.005,-0.017,0.002,0.009,0.026,0.004,0.004,0.010,-0.007,-0.019
107,27491,Progonomys sp.,,8.75,Time 5,388,M1/,1.830,1.130,1.070,0.375,42.000,64.000,0.003,0.002,0.000,0.000,0.001,0.001,0.001,0.002,-0.004,-0.001,-0.003,-0.001,0.000,0.007,0.006,0.001,0.010,-0.015,0.005,-0.009,0.001,0.023,0.003,0.009,0.014,-0.009,-0.006,-0.005
108,27492,Progonomys sp.,,8.75,Time 5,388,M1/,1.710,1.060,1.039,0.399,35.000,57.000,0.000,0.002,-0.001,0.001,0.003,-0.001,0.003,0.000,-0.001,0.002,0.002,-0.004,0.005,-0.006,-0.001,0.007,0.010,0.003,-0.002,-0.006,0.028,0.006,0.002,0.015,0.011,-0.015,-0.020,-0.002
109,27493,Progonomys sp.,,8.75,Time 5,388,M1/,1.860,1.110,1.047,0.383,40.000,63.000,-0.001,0.000,0.000,0.001,0.002,-0.001,-0.001,0.004,-0.003,-0.002,-0.004,-0.005,0.004,0.004,-0.001,0.007,0.015,-0.010,0.010,-0.015,0.003,0.007,0.037,0.013,0.021,-0.006,-0.019,-0.003
110,27499,Progonomys sp.,,8.75,Time 5,388,M1/,1.890,1.150,1.082,0.396,42.000,55.000,0.001,0.001,-0.001,0.000,0.000,-0.001,-0.001,0.003,-0.001,-0.002,-0.004,-0.001,-0.001,0.009,0.003,-0.001,-0.002,-0.018,-0.002,-0.002,-0.010,0.008,-0.002,-0.006,-0.003,0.018,-0.020,-0.005
111,27500,Progonomys sp.,,8.75,Time 5,388,M1/,1.870,1.130,1.081,0.476,54.000,68.000,0.001,0.002,0.000,0.000,0.001,0.000,0.001,0.005,-0.002,-0.001,-0.003,-0.004,0.000,0.006,0.005,0.006,0.005,-0.009,0.009,-0.002,-0.001,0.015,0.003,-0.003,-0.004,-0.024,-0.023,0.009
112,27502,Progonomys sp.,,8.75,Time 5,388,M1/,1.660,1.080,1.124,0.438,40.000,58.000,0.001,0.001,0.001,0.000,0.000,0.003,0.000,-0.001,-0.001,-0.002,-0.001,-0.003,0.003,-0.002,0.000,0.002,0.001,0.001,-0.014,0.000,0.011,0.002,0.015,0.003,0.000,-0.003,0.002,-0.011
113,27503,Progonomys sp.,,8.75,Time 5,388,M1/,1.740,1.100,1.177,0.511,44.000,65.000,0.004,0.004,0.000,-0.001,0.000,0.000,0.004,-0.003,-0.006,0.006,0.001,-0.002,-0.003,0.000,0.005,0.009,0.013,-0.006,0.008,-0.004,-0.006,0.003,-0.002,0.010,0.012,0.007,0.022,-0.024
114,27508,Progonomys sp.,,8.75,Time 5,388,M1/,1.620,1.030,1.146,0.521,42.000,57.000,-0.003,-0.002,-0.001,0.001,0.001,-0.001,0.000,0.007,0.001,-0.003,-0.006,-0.004,0.002,0.004,-0.001,0.010,-0.002,-0.018,0.002,-0.016,0.010,0.009,0.022,0.004,-0.005,0.010,0.006,0.002
115,27509,Progonomys sp.,,8.75,Time 5,388,M1/,1.710,1.050,1.068,0.428,37.000,69.000,0.000,0.000,0.000,0.000,0.000,0.001,0.002,0.001,0.000,0.002,-0.002,-0.002,-0.002,0.001,-0.002,0.006,0.001,-0.011,0.013,0.003,0.006,0.011,-0.016,0.005,-0.001,0.010,0.002,-0.020
116,27510,Progonomys sp.,,8.75,Time 5,388,M1/,1.720,1.020,1.026,0.440,32.000,65.000,0.000,0.001,-0.001,0.000,0.001,0.000,0.002,0.001,-0.001,0.001,-0.002,-0.003,-0.001,-0.004,0.001,0.005,0.007,-0.001,0.009,0.001,-0.003,0.007,-0.009,0.007,0.012,-0.011,-0.021,0.000
117,27477,Karnimata darwini,,9.02,Time 4,367,M1/,2.330,1.470,1.161,0.614,55.000,76.000,0.002,0.001,-0.002,-0.001,0.001,-0.001,0.002,0.002,0.003,0.001,0.000,0.000,-0.003,-0.003,0.002,-0.015,-0.008,0.003,-0.001,0.005,-0.015,0.012,-0.002,0.003,-0.008,-0.012,0.015,-0.003
118,27478,Karnimata darwini,,9.02,Time 4,367,M1/,2.370,1.490,1.131,0.590,52.000,63.000,0.000,0.000,-0.001,0.000,0.000,0.001,0.001,0.003,0.000,0.001,-0.002,-0.002,-0.002,-0.001,-0.002,0.003,-0.002,-0.002,-0.004,-0.001,-0.004,-0.011,0.038,0.026,0.020,-0.009,0.017,-0.014
119,27481,Karnimata darwini,,9.02,Time 4,367,M1/,2.370,1.500,1.135,0.550,55.000,76.000,-0.003,-0.003,0.001,0.001,0.000,-0.001,-0.004,-0.006,0.000,0.004,0.003,0.004,0.004,0.000,-0.006,-0.006,0.000,0.011,0.001,-0.004,-0.005,-0.010,0.023,0.004,-0.009,-0.002,0.007,0.003
120,27472,Progonomys debruijni,,9.02,Time 4,367,M1/,1.840,1.000,1.036,0.463,46.000,65.000,0.001,0.002,-0.002,0.000,0.001,-0.002,0.002,0.003,-0.001,0.000,-0.001,-0.001,0.001,0.002,0.001,0.002,0.014,-0.006,0.019,0.003,0.001,0.009,0.000,-0.020,-0.016,0.002,-0.022,0.043
121,27473,Progonomys debruijni,,9.02,Time 4,367,M1/,1.810,1.000,1.048,0.517,37.000,61.000,0.001,0.001,-0.002,-0.001,0.001,-0.003,0.002,0.006,-0.004,0.003,-0.002,-0.006,-0.004,0.003,0.008,0.011,0.004,0.008,0.020,0.002,-0.016,0.007,0.006,0.016,0.035,-0.030,-0.031,0.014
122,27476,Progonomys debruijni,,9.02,Time 4,367,M1/,1.650,0.980,1.085,0.425,48.000,67.000,0.001,0.002,-0.001,0.000,0.002,0.000,0.002,-0.001,-0.001,0.004,0.000,-0.001,0.000,-0.004,0.000,0.000,0.006,0.000,-0.001,0.007,-0.006,0.011,-0.017,0.003,0.023,-0.024,-0.013,0.004
123,7658,Karnimata darwini,,9.23,Time 4,182,M1/,2.290,1.440,1.157,0.552,59.000,71.000,-0.002,-0.001,0.000,0.001,0.001,-0.001,-0.002,0.002,0.003,0.000,0.004,0.006,0.002,-0.005,-0.002,-0.002,-0.004,0.005,-0.026,-0.005,0.009,-0.012,0.013,0.012,0.004,-0.021,0.004,0.015
124,7659,Karnimata darwini,,9.23,Time 4,182,M1/,2.090,1.310,1.125,0.598,42.000,65.000,-0.001,-0.001,0.001,0.000,-0.002,0.001,-0.002,0.000,0.001,-0.006,0.001,0.004,0.000,0.002,0.001,-0.005,-0.009,0.002,-0.016,-0.009,0.002,0.002,0.008,-0.007,-0.012,0.016,-0.003,0.010
125,7660,Karnimata darwini,,9.23,Time 4,182,M1/,2.210,1.430,1.132,0.623,45.000,76.000,-0.004,-0.004,0.001,0.003,0.002,-0.003,-0.003,0.003,0.000,0.002,0.006,0.003,0.005,0.001,0.000,0.005,-0.005,0.015,-0.005,-0.009,0.027,-0.008,0.012,0.013,0.017,-0.006,-0.008,0.004
126,7661,Karnimata darwini,,9.23,Time 4,182,M1/,2.240,1.420,1.138,0.580,42.000,72.000,-0.001,-0.002,0.001,0.002,0.001,0.000,-0.002,0.008,0.002,-0.003,0.000,0.002,-0.001,0.008,0.005,-0.001,-0.015,0.004,-0.006,0.007,0.000,0.003,0.003,0.003,-0.026,0.022,0.016,0.017
127,7664,Karnimata darwini,,9.23,Time 4,182,M1/,2.080,1.310,1.094,0.660,44.000,71.000,-0.002,-0.001,0.000,0.002,0.001,-0.001,-0.003,0.001,0.000,-0.005,0.002,-0.002,0.007,0.003,0.000,0.000,-0.004,0.008,-0.025,-0.004,0.020,-0.015,0.047,0.009,-0.004,-0.011,-0.015,0.022
128,7666,Karnimata darwini,,9.23,Time 4,182,M1/,2.390,1.450,1.173,0.644,43.000,69.000,0.000,0.000,0.000,0.001,0.001,0.002,0.000,0.007,0.004,0.000,0.001,0.005,-0.004,-0.003,0.001,-0.005,-0.008,-0.003,-0.014,0.002,-0.004,0.000,-0.008,0.020,0.017,-0.009,-0.013,0.015
129,7667,Karnimata darwini,,9.23,Time 4,182,M1/,1.980,1.320,1.119,0.604,58.000,70.000,-0.002,-0.002,-0.001,0.000,-0.001,-0.003,-0.003,-0.004,0.001,-0.002,0.002,0.005,0.002,0.004,-0.002,-0.005,-0.002,-0.001,-0.009,-0.005,-0.001,0.007,-0.015,-0.013,0.002,0.010,0.007,0.012
130,7670,Karnimata darwini,,9.23,Time 4,182,M1/,2.290,1.420,1.099,0.533,48.000,70.000,0.001,0.001,0.000,0.000,0.001,0.002,0.002,0.004,0.002,-0.004,0.000,-0.001,0.000,-0.001,0.005,-0.002,-0.002,-0.001,-0.002,0.000,0.011,0.009,-0.016,0.002,-0.027,0.007,-0.017,0.010
131,7675,Karnimata darwini,,9.23,Time 4,182,M1/,2.160,1.360,1.119,0.481,41.000,83.000,0.000,0.000,0.000,0.000,0.001,-0.002,0.000,0.001,-0.001,0.002,0.001,0.000,-0.001,0.001,0.004,0.005,0.002,0.006,0.017,-0.001,-0.008,0.005,-0.014,-0.024,-0.027,0.007,0.009,0.004
132,7683,Karnimata darwini,,9.23,Time 4,182,M1/,2.340,1.490,1.112,0.606,42.000,59.000,-0.001,0.000,0.002,0.002,0.001,-0.001,-0.004,-0.002,-0.002,0.001,0.004,0.006,0.006,0.007,-0.004,0.002,0.006,-0.005,-0.024,-0.011,0.019,-0.011,0.040,0.007,0.024,-0.002,0.001,0.027
133,7690,Karnimata darwini,,9.23,Time 4,182,M1/,2.270,1.390,1.103,0.602,51.000,78.000,-0.002,-0.003,0.003,0.003,0.001,0.002,-0.004,0.005,0.002,-0.004,-0.001,-0.002,0.005,0.005,0.001,0.000,-0.010,0.000,-0.020,-0.017,0.018,0.003,0.018,0.014,0.004,0.011,-0.016,0.031
134,7691,Karnimata darwini,,9.23,Time 4,182,M1/,2.160,1.390,1.123,0.560,43.000,71.000,0.001,0.001,0.000,-0.001,-0.001,-0.001,0.001,-0.004,0.001,0.004,0.003,0.002,-0.002,-0.003,0.001,0.001,-0.012,0.003,-0.011,0.001,0.006,0.004,-0.012,-0.009,-0.015,0.012,0.008,-0.004
135,7692,Karnimata darwini,,9.23,Time 4,182,M1/,2.160,1.380,1.139,0.489,43.000,74.000,0.001,0.001,0.001,0.001,0.000,0.000,0.000,0.001,-0.001,-0.001,-0.001,-0.004,0.000,0.002,0.005,0.008,-0.007,0.004,-0.017,-0.005,-0.001,-0.005,-0.003,0.008,-0.003,0.017,-0.002,-0.001
136,7693,Karnimata darwini,,9.23,Time 4,182,M1/,2.280,1.470,1.112,0.669,52.000,62.000,-0.003,-0.004,-0.001,0.000,-0.001,-0.001,-0.002,0.000,0.003,-0.005,-0.002,-0.001,0.001,-0.001,-0.003,-0.003,-0.010,0.005,-0.011,0.003,0.001,-0.003,0.004,-0.001,0.013,0.004,0.002,-0.002
137,7695,Karnimata darwini,,9.23,Time 4,182,M1/,2.080,1.330,1.124,0.553,41.000,74.000,0.000,0.001,0.000,0.001,0.001,0.000,0.000,0.002,0.000,0.003,0.001,0.000,-0.001,-0.002,0.004,0.009,-0.007,0.002,-0.014,-0.008,-0.006,-0.012,0.009,0.000,-0.010,0.007,0.008,-0.007
138,7696,Karnimata darwini,,9.23,Time 4,182,M1/,2.220,1.370,1.144,0.541,43.000,76.000,0.002,0.002,-0.002,-0.001,0.001,0.000,0.003,0.005,0.003,0.003,0.000,0.000,-0.006,-0.009,0.004,-0.005,-0.010,0.000,-0.008,0.006,-0.012,-0.007,0.000,0.000,-0.007,0.015,0.003,0.005
139,7698,Karnimata darwini,,9.23,Time 4,182,M1/,2.210,1.380,1.080,0.560,44.000,79.000,-0.001,-0.001,0.001,0.001,0.001,0.000,-0.002,0.002,0.000,0.000,0.000,0.001,0.001,0.005,-0.001,0.002,0.000,0.004,0.004,0.010,-0.003,-0.001,0.016,-0.007,-0.011,0.003,0.012,0.006
140,7701,Karnimata darwini,,9.23,Time 4,182,M1/,2.150,1.390,1.123,0.647,45.000,74.000,-0.002,-0.002,0.000,0.000,0.000,0.000,-0.001,0.001,0.004,0.002,0.002,0.001,0.000,-0.001,-0.002,-0.006,-0.016,0.003,0.002,0.001,0.010,0.008,0.007,-0.018,-0.014,0.011,-0.004,0.004
141,7706,Karnimata darwini,,9.23,Time 4,182,M1/,2.130,1.380,1.139,0.511,47.000,87.000,-0.002,-0.003,0.001,-0.001,-0.003,-0.001,-0.004,-0.008,0.002,-0.003,0.001,0.003,0.001,0.004,-0.003,-0.011,-0.014,0.001,-0.008,-0.008,-0.009,0.005,-0.022,-0.003,-0.016,0.019,0.025,0.002
142,7710,Karnimata darwini,,9.23,Time 4,182,M1/,2.390,1.460,1.063,0.549,54.000,66.000,-0.001,-0.001,0.003,0.002,0.000,0.002,-0.003,-0.004,0.000,-0.001,0.002,0.000,0.004,0.003,-0.003,-0.005,-0.001,0.006,-0.008,0.000,0.007,-0.002,-0.001,-0.007,0.001,0.012,0.001,0.025
143,7711,Karnimata darwini,,9.23,Time 4,182,M1/,2.100,1.340,1.079,0.447,49.000,82.000,-0.003,-0.003,0.001,0.002,0.000,0.000,-0.003,-0.004,0.001,-0.003,0.002,0.004,0.006,-0.003,-0.008,0.003,0.008,0.004,-0.012,0.000,0.010,-0.006,0.005,-0.023,-0.003,-0.002,0.021,0.032
144,7714,Karnimata darwini,,9.23,Time 4,182,M1/,2.140,1.410,1.123,0.515,40.000,74.000,-0.001,-0.002,0.000,0.000,-0.001,0.000,0.001,0.000,0.002,0.001,0.005,0.003,-0.001,-0.005,0.002,0.000,-0.007,0.012,0.010,-0.002,0.014,0.008,-0.024,0.001,-0.026,0.010,0.003,-0.019
145,7716,Karnimata darwini,,9.23,Time 4,182,M1/,2.310,1.410,1.085,0.487,43.000,69.000,0.000,-0.001,-0.001,-0.002,-0.001,0.000,0.003,0.004,0.001,0.000,0.003,0.000,-0.005,-0.006,0.007,0.002,-0.017,0.011,0.007,-0.013,0.011,-0.001,0.011,0.002,-0.028,-0.008,-0.040,-0.008
146,7717,Karnimata darwini,Karnimata sp.,9.23,Time 4,182,M1/,2.630,1.590,1.147,0.604,66.000,68.000,0.000,0.000,0.000,0.001,0.000,-0.001,-0.003,0.000,0.001,-0.006,0.000,0.002,0.002,0.004,0.003,-0.004,-0.006,0.000,-0.023,-0.016,-0.010,-0.013,0.014,-0.009,-0.005,0.007,0.005,0.028
147,7720,Karnimata darwini,,9.23,Time 4,182,M1/,2.240,1.400,1.128,0.593,56.000,67.000,0.001,0.001,0.003,0.001,0.001,0.003,0.000,0.002,0.000,0.002,0.000,-0.001,-0.001,-0.001,0.004,0.008,-0.006,0.000,-0.008,-0.009,-0.002,0.003,0.007,-0.019,-0.022,0.007,0.002,0.006
148,7723,Karnimata darwini,,9.23,Time 4,182,M1/,2.060,1.350,1.124,0.556,55.000,69.000,-0.001,-0.001,-0.001,0.002,0.002,-0.001,0.000,0.007,0.002,-0.004,0.003,0.005,0.002,-0.002,0.002,-0.001,0.001,0.010,-0.011,0.009,0.012,-0.006,0.008,-0.017,-0.005,-0.016,0.009,0.000
149,7729,Karnimata darwini,,9.23,Time 4,182,M1/,2.050,1.390,1.165,0.590,64.000,71.000,-0.001,-0.002,-0.001,0.001,0.000,0.000,-0.001,0.004,0.003,-0.005,0.001,0.007,0.000,-0.007,-0.002,-0.007,0.000,0.003,-0.021,-0.008,-0.002,-0.001,0.023,0.018,0.021,-0.012,0.003,0.013
150,7730,Karnimata darwini,,9.23,Time 4,182,M1/,2.110,1.370,1.113,0.524,51.000,62.000,-0.003,-0.002,0.002,0.000,-0.003,0.001,-0.002,-0.003,0.000,-0.001,0.004,0.003,0.004,0.000,-0.005,0.000,-0.007,0.005,-0.009,-0.006,0.029,-0.017,0.039,0.000,-0.003,-0.009,0.007,0.017
151,7732,Karnimata darwini,,9.23,Time 4,182,M1/,2.150,1.340,1.109,0.536,42.000,76.000,-0.003,-0.002,-0.001,0.001,0.001,-0.002,-0.002,0.001,0.001,-0.003,-0.004,-0.004,0.004,0.000,-0.004,0.003,0.009,-0.003,0.002,-0.008,-0.011,0.002,0.017,0.007,-0.008,0.000,0.006,0.000
152,7733,Karnimata darwini,,9.23,Time 4,182,M1/,2.250,1.420,1.158,0.560,46.000,78.000,-0.001,0.000,0.000,0.000,-0.001,0.000,-0.003,-0.009,0.001,0.001,0.000,-0.003,0.005,0.000,-0.008,-0.003,-0.012,-0.008,-0.020,-0.012,0.005,-0.013,0.020,-0.003,-0.009,0.006,-0.005,0.018
153,7737,Karnimata darwini,,9.23,Time 4,182,M1/,2.190,1.320,1.109,0.532,40.000,79.000,0.001,0.002,0.001,0.001,0.001,0.002,0.002,0.001,0.002,0.003,0.006,0.003,0.000,-0.008,0.003,-0.002,-0.004,0.013,0.003,-0.001,0.020,0.001,-0.001,-0.018,-0.034,0.005,-0.024,0.021
154,7746,Karnimata darwini,,9.23,Time 4,182,M1/,2.020,1.290,1.147,0.597,49.000,67.000,0.000,-0.001,0.002,0.000,-0.002,0.001,-0.003,-0.007,0.001,0.000,0.003,0.003,0.002,0.004,-0.002,-0.008,-0.012,0.009,-0.014,-0.003,-0.001,0.000,0.005,0.001,-0.022,0.002,0.001,0.005
155,7682,Karnimata sp.,Parapodemus sp.,9.23,,182,M1/,2.410,1.410,1.113,0.526,45.000,66.000,0.001,0.000,0.001,-0.001,0.000,0.004,0.001,0.005,-0.001,-0.003,-0.004,-0.001,-0.005,-0.001,0.002,-0.001,0.001,0.004,0.000,-0.003,-0.021,0.014,0.012,0.023,0.036,-0.008,-0.032,-0.024
156,7734,Karnimata sp.,Parapodemus sp.,9.23,,182,M1/,2.520,1.460,1.137,0.668,60.000,70.000,-0.001,-0.002,0.001,-0.001,0.000,0.002,-0.002,0.001,0.001,0.003,-0.004,-0.001,-0.002,0.001,-0.005,-0.007,-0.009,-0.003,-0.008,-0.004,-0.022,0.008,0.035,0.034,0.043,-0.040,-0.022,-0.025
157,7665,Progonomys debruijni,,9.23,Time 4,182,M1/,1.610,1.090,1.130,0.336,32.000,51.000,-0.002,0.000,0.000,0.001,0.001,0.000,0.001,0.000,-0.004,0.000,0.001,-0.002,0.004,-0.006,-0.002,0.017,0.019,0.001,0.013,-0.025,0.009,-0.006,0.022,0.001,0.006,0.011,0.008,-0.036
158,7678,Progonomys debruijni,,9.23,Time 4,182,M1/,1.740,1.090,1.143,0.283,45.000,75.000,0.003,0.004,-0.002,0.000,0.003,-0.001,0.007,0.005,-0.004,0.007,0.000,-0.009,-0.003,-0.011,0.011,0.016,0.015,-0.003,0.022,-0.008,-0.002,0.000,-0.024,-0.010,0.001,0.009,-0.003,-0.031
159,7679,Progonomys debruijni,,9.23,Time 4,182,M1/,1.720,1.060,1.074,0.396,33.000,63.000,0.001,0.000,0.002,0.000,-0.001,0.002,-0.001,-0.001,0.000,0.001,-0.002,0.001,-0.003,0.005,-0.002,0.000,-0.001,-0.008,0.002,0.008,-0.013,-0.001,-0.022,0.003,0.004,0.006,-0.008,-0.022
160,7687,Progonomys debruijni,,9.23,Time 4,182,M1/,1.710,1.050,1.105,0.455,36.000,63.000,-0.002,-0.002,0.003,0.001,-0.002,0.001,-0.003,-0.001,0.000,0.005,0.004,0.015,-0.003,0.004,-0.007,0.003,0.007,-0.003,0.006,-0.001,-0.014,0.001,0.014,-0.017,0.011,0.010,-0.003,0.030
161,7689,Progonomys debruijni,,9.23,Time 4,182,M1/,1.720,1.020,1.037,0.303,31.000,66.000,0.001,0.002,0.001,0.000,0.001,0.003,0.002,0.003,-0.003,-0.003,-0.003,-0.006,0.000,-0.003,0.001,0.007,0.017,-0.002,0.013,-0.002,0.002,0.004,-0.002,0.008,0.018,0.005,-0.032,-0.024
162,7700,Progonomys debruijni,,9.23,Time 4,182,M1/,1.770,1.010,1.079,0.283,40.000,58.000,-0.001,0.001,-0.001,0.001,0.003,-0.002,0.003,0.000,-0.003,0.005,-0.001,-0.003,0.002,-0.009,-0.005,0.015,0.026,-0.006,0.019,-0.009,-0.005,-0.007,-0.005,0.009,0.045,-0.004,-0.056,-0.021
163,7702,Progonomys debruijni,,9.23,Time 4,182,M1/,1.680,0.990,1.018,0.458,40.000,63.000,0.003,0.002,0.001,0.000,0.000,0.003,0.000,0.004,-0.001,0.000,-0.003,-0.002,-0.005,0.003,0.004,-0.002,-0.002,0.001,-0.002,0.006,-0.022,-0.005,0.023,0.013,0.004,-0.013,-0.016,-0.002
164,7704,Progonomys debruijni,,9.23,Time 4,182,M1/,1.770,1.090,1.117,0.368,33.000,56.000,0.002,0.004,0.000,0.000,0.002,-0.001,0.003,-0.002,-0.005,0.009,-0.002,-0.013,0.001,-0.001,0.002,0.013,0.003,-0.010,0.003,-0.018,-0.016,-0.016,0.004,0.016,0.021,-0.004,-0.029,-0.019
165,7705,Progonomys debruijni,,9.23,Time 4,182,M1/,1.660,1.000,1.085,0.458,33.000,69.000,0.000,0.000,0.000,0.001,0.002,0.000,0.000,0.003,0.000,0.001,0.000,-0.001,0.002,-0.002,-0.001,0.003,0.004,0.000,-0.006,-0.001,0.000,-0.004,0.023,-0.001,0.006,-0.005,-0.008,0.007
166,7718,Progonomys debruijni,,9.23,Time 4,182,M1/,1.620,0.920,1.006,0.357,43.000,67.000,0.000,0.001,-0.001,-0.001,-0.001,-0.003,0.002,-0.004,-0.004,-0.001,0.000,-0.006,0.003,0.002,0.005,0.008,0.009,-0.001,0.017,-0.016,0.007,0.009,-0.022,0.002,-0.016,-0.006,-0.044,-0.004
167,7735,Progonomys debruijni,,9.23,Time 4,182,M1/,1.740,0.990,1.007,0.234,38.000,69.000,-0.001,-0.001,0.000,0.001,0.002,-0.002,0.000,0.001,0.000,0.002,0.002,-0.003,0.001,-0.004,0.002,0.002,-0.003,0.016,0.002,-0.003,-0.002,0.002,-0.014,0.012,0.010,0.007,-0.036,-0.003
168,7736,Progonomys debruijni,,9.23,Time 4,182,M1/,1.670,1.060,1.124,0.440,39.000,52.000,-0.001,-0.001,0.002,0.003,0.002,0.000,-0.003,0.004,-0.002,-0.001,-0.002,0.000,0.003,0.010,0.001,0.009,0.001,-0.018,-0.015,-0.032,0.007,0.002,0.003,0.029,0.030,0.041,-0.019,-0.011
169,7738,Progonomys debruijni,,9.23,Time 4,182,M1/,1.640,1.110,1.156,0.423,43.000,62.000,0.001,0.001,0.001,0.001,0.001,0.001,0.000,0.001,-0.002,-0.002,-0.003,-0.003,0.002,-0.002,0.001,0.009,0.006,-0.007,-0.016,-0.017,-0.004,-0.007,0.049,-0.004,0.018,-0.029,0.021,-0.022
170,7739,Progonomys debruijni,,9.23,Time 4,182,M1/,1.730,1.060,1.111,0.376,39.000,55.000,0.002,0.002,-0.002,0.000,0.001,-0.003,0.001,0.005,-0.002,0.000,-0.002,0.002,-0.002,0.003,0.005,0.010,0.012,-0.013,-0.009,-0.007,-0.011,-0.016,0.016,0.019,0.039,-0.008,-0.013,-0.007
171,7740,Progonomys debruijni,,9.23,Time 4,182,M1/,1.810,1.100,1.099,0.473,34.000,59.000,0.001,0.001,0.001,0.000,0.001,0.002,0.001,0.007,0.002,0.001,-0.004,-0.004,-0.004,0.001,0.004,-0.003,-0.005,-0.013,0.004,-0.006,-0.007,0.000,-0.020,0.020,0.014,-0.004,-0.045,-0.020
172,33525,Karnimata darwini,,9.4,Time 4,224,M1/,2.180,1.350,1.094,0.521,53.000,70.000,-0.001,-0.001,-0.002,0.000,0.001,-0.001,0.000,0.002,0.003,-0.003,-0.003,-0.004,0.001,0.000,0.000,-0.006,-0.011,-0.002,-0.009,0.000,-0.001,0.002,0.006,-0.012,-0.012,0.017,-0.007,0.011
173,33544,Karnimata sp.,,10.05,Time 3,311,M1/,1.780,1.110,1.047,0.422,44.000,61.000,0.004,0.003,0.000,-0.001,0.000,0.002,0.003,0.003,-0.002,0.000,-0.002,-0.002,-0.004,0.002,0.006,0.001,0.004,-0.002,0.001,0.012,-0.005,0.003,0.008,-0.006,0.007,0.000,0.022,-0.018
174,34348,Karnimata sp.,,10.05,Time 3,311,M1/,2.020,1.250,1.093,0.552,56.000,65.000,-0.001,0.000,0.000,0.001,0.001,0.001,-0.001,0.001,0.004,0.001,0.001,-0.002,0.003,0.000,-0.003,-0.011,-0.009,-0.002,-0.003,0.001,0.019,-0.005,0.009,-0.008,-0.006,-0.008,-0.009,0.017
175,34540,Karnimata sp.,,10.05,Time 3,311,M1/,2.040,1.180,1.066,0.629,52.000,86.000,0.002,0.001,-0.002,-0.002,-0.001,-0.002,0.001,-0.002,0.000,0.000,0.002,-0.001,-0.002,0.004,0.006,-0.008,-0.011,0.009,0.000,0.014,0.004,0.004,-0.012,0.009,-0.025,-0.003,-0.011,0.021
176,34541,Karnimata sp.,,10.05,Time 3,311,M1/,2.060,1.190,1.104,0.563,40.000,65.000,0.000,0.000,-0.001,-0.004,-0.004,0.001,0.002,-0.005,0.000,0.001,-0.001,0.001,-0.005,0.000,-0.003,-0.003,-0.012,0.002,0.008,0.013,0.000,-0.001,-0.006,0.012,0.011,-0.006,-0.007,0.009
177,34546,Karnimata sp.,,10.05,Time 3,311,M1/,2.000,1.170,1.104,0.588,60.000,71.000,-0.001,-0.003,0.001,0.000,-0.003,0.001,-0.002,-0.002,0.002,-0.005,0.002,0.006,-0.001,0.002,0.001,0.000,-0.011,0.008,-0.015,0.007,0.006,-0.005,-0.024,0.002,-0.022,0.017,-0.009,0.020
178,34551,Karnimata sp.,,10.05,Time 3,311,M1/,1.760,1.150,1.141,0.568,62.000,72.000,0.000,0.000,0.002,0.000,-0.002,0.001,-0.003,-0.002,0.001,-0.001,0.002,0.010,-0.001,0.002,-0.005,-0.004,0.002,-0.001,-0.008,0.012,-0.009,-0.013,0.014,-0.029,-0.021,-0.014,0.047,0.018
179,34554,Karnimata sp.,,10.05,Time 3,311,M1/,2.010,1.220,1.099,0.457,56.000,67.000,-0.004,-0.005,0.002,0.003,-0.001,0.003,-0.004,0.004,0.002,-0.006,-0.002,0.002,0.003,0.005,-0.006,-0.005,-0.003,0.004,-0.008,0.013,0.004,0.001,0.020,0.007,0.011,0.005,-0.006,0.011
180,36162,Karnimata sp.,,10.05,Time 3,311,M1/,2.050,1.220,1.144,0.680,54.000,72.000,0.003,0.002,-0.002,-0.003,-0.002,0.000,0.003,0.001,0.001,0.000,0.001,0.004,-0.007,0.001,0.004,-0.006,-0.015,0.001,-0.015,0.026,0.005,-0.006,-0.014,0.016,0.007,-0.013,0.013,0.021
181,36163,Karnimata sp.,,10.05,Time 3,311,M1/,2.020,1.190,1.116,0.539,53.000,72.000,-0.002,-0.004,0.002,0.001,-0.001,0.002,-0.002,0.000,0.003,-0.003,0.001,0.005,0.001,0.001,-0.003,-0.004,-0.009,0.006,-0.005,0.012,0.007,0.002,-0.003,-0.021,-0.023,-0.002,0.002,0.046
182,54126,Karnimata sp.,Not analyzed,10.05,Time 3,311,M1/,Not measured,Not measured,Not measured,Not measured,Not measured,Not measured,-0.001,-0.002,-0.001,-0.001,0.000,-0.001,0.001,0.004,0.000,-0.004,-0.004,-0.005,-0.003,0.000,0.005,0.002,-0.004,0.004,0.014,-0.005,-0.016,0.003,-0.001,-0.002,-0.014,-0.009,-0.009,0.008
183,54127,Karnimata sp.,Not analyzed,10.05,Time 3,311,M1/,Not measured,Not measured,Not measured,Not measured,Not measured,Not measured,0.001,0.000,-0.001,-0.002,-0.001,-0.001,0.002,-0.001,0.000,-0.001,0.000,0.002,-0.003,-0.002,0.001,-0.002,0.005,-0.001,0.013,0.001,-0.004,0.003,-0.027,-0.003,-0.007,0.008,-0.016,-0.007
184,54147,Karnimata sp.,Not analyzed,10.05,Time 3,311,M1/,Not measured,Not measured,Not measured,Not measured,Not measured,Not measured,0.002,0.002,0.000,-0.001,0.000,0.001,0.001,-0.001,0.000,-0.001,0.000,-0.003,0.000,0.000,0.004,-0.006,-0.007,0.002,-0.009,-0.005,0.002,0.003,0.001,0.022,-0.012,0.010,-0.023,0.029
185,54148,Karnimata sp.,Not analyzed,10.05,Time 3,311,M1/,Not measured,Not measured,Not measured,Not measured,Not measured,Not measured,-0.002,-0.002,0.000,0.001,0.001,0.000,-0.002,-0.003,0.003,0.002,-0.001,-0.002,0.003,-0.001,-0.006,-0.004,-0.011,-0.003,-0.010,0.000,0.004,-0.001,0.001,-0.006,-0.006,-0.007,-0.016,0.015
186,34542,morphotype 2,,10.05,,311,M1/,2.050,1.190,Not measured,Not measured,Not measured,Not measured,-0.002,-0.003,-0.001,0.000,-0.001,-0.002,-0.003,-0.001,0.004,-0.001,-0.001,0.002,0.000,0.002,-0.005,-0.006,-0.017,-0.005,-0.026,-0.005,-0.010,-0.009,0.013,0.019,0.023,-0.005,-0.023,0.026
187,34543,morphotype 2,,10.05,,311,M1/,1.950,1.190,1.061,0.548,46.000,69.000,0.000,-0.001,0.001,0.001,0.000,0.000,-0.002,0.000,0.001,0.000,0.001,-0.002,0.002,0.009,-0.001,-0.004,-0.012,0.003,-0.008,0.019,0.016,-0.005,-0.009,0.008,0.003,0.014,0.004,0.028
188,34559,morphotype 2,,10.05,,311,M1/,1.970,1.200,1.077,0.621,54.000,55.000,0.001,0.001,-0.001,0.000,0.000,-0.002,-0.002,-0.004,-0.002,-0.002,-0.002,-0.007,0.005,0.008,0.000,-0.004,-0.005,-0.002,-0.011,0.000,0.004,0.003,-0.003,0.011,0.019,0.004,-0.013,0.012
189,54152,morphotype 2,Not analyzed,10.05,,311,M1/,Not measured,Not measured,Not measured,Not measured,Not measured,Not measured,0.001,-0.001,0.001,-0.002,-0.003,0.001,0.001,0.001,0.000,-0.006,0.001,-0.001,-0.003,0.003,0.007,-0.002,-0.012,0.009,0.005,0.003,0.013,0.004,-0.021,-0.005,-0.026,-0.002,-0.049,0.050
190,34545,Progonomys sp.,,10.05,Time 3,311,M1/,1.930,1.090,1.117,0.457,44.000,73.000,0.001,0.000,0.002,-0.002,-0.002,0.006,0.001,-0.001,0.001,0.001,-0.001,0.002,-0.006,-0.007,0.001,-0.002,-0.012,-0.005,-0.003,-0.012,-0.015,0.007,-0.012,0.005,0.014,-0.013,-0.023,0.021
191,34549,Progonomys sp.,,10.05,Time 3,311,M1/,2.090,1.190,1.051,0.467,38.000,74.000,-0.001,0.000,0.002,0.002,0.002,0.004,0.000,0.010,0.002,0.000,-0.001,-0.004,0.000,-0.003,0.002,0.007,-0.005,-0.005,0.004,-0.013,0.016,-0.003,0.001,0.008,-0.011,-0.009,-0.055,0.024
192,34556,Progonomys sp.,,10.05,Time 3,311,M1/,1.870,1.120,1.136,0.452,36.000,69.000,-0.001,-0.001,0.003,0.001,0.001,0.005,-0.001,0.006,0.000,-0.001,-0.003,0.001,-0.003,-0.003,-0.001,0.007,0.004,0.008,-0.005,0.010,-0.017,-0.003,0.003,0.023,0.043,-0.022,0.005,-0.014
193,54131,Progonomys sp.,Not analyzed,10.05,Time 3,311,M1/,Not measured,Not measured,Not measured,Not measured,Not measured,Not measured,-0.001,-0.002,-0.002,-0.001,-0.001,-0.003,0.000,0.000,0.001,-0.003,-0.003,0.002,-0.002,0.010,-0.002,-0.002,-0.005,-0.009,0.007,0.021,-0.007,0.010,-0.018,0.000,-0.010,0.020,-0.013,0.003
194,54143,Progonomys sp.,Not analyzed,10.05,Time 3,311,M1/,Not measured,Not measured,Not measured,Not measured,Not measured,Not measured,0.001,0.001,0.000,0.000,0.000,-0.001,0.003,0.000,-0.002,0.005,0.002,0.002,-0.003,-0.004,0.003,0.014,0.000,-0.001,0.002,-0.007,-0.001,0.006,-0.009,0.010,-0.006,0.013,-0.015,0.002
195,54153,Progonomys sp.,Not analyzed,10.05,Time 3,311,M1/,Not measured,Not measured,Not measured,Not measured,Not measured,Not measured,0.000,0.000,-0.002,-0.001,0.001,-0.003,0.000,-0.005,0.003,0.003,-0.002,-0.004,0.002,0.002,-0.004,-0.007,-0.011,0.001,-0.012,0.020,-0.005,0.013,-0.021,0.015,-0.006,0.014,-0.021,0.026
196,33181,Karnimata sp.,,10.2,Time 2,450,M1/,1.980,1.160,1.076,0.581,53.000,72.000,-0.002,-0.002,0.001,0.001,0.000,0.002,-0.002,-0.001,0.003,0.000,-0.002,0.000,0.002,0.000,-0.008,-0.004,-0.005,-0.005,-0.010,0.006,0.002,-0.008,0.023,0.000,0.007,-0.010,-0.011,0.027
197,33182,Karnimata sp.,,10.2,Time 2,450,M1/,2.080,1.300,1.059,0.473,49.000,67.000,-0.002,-0.002,0.002,0.002,0.000,0.001,-0.003,-0.007,0.002,0.000,0.001,0.002,0.009,-0.001,-0.009,-0.004,0.009,-0.007,-0.006,-0.005,0.007,0.018,0.012,-0.039,-0.024,0.005,0.021,0.020
198,33185,Karnimata sp.,,10.2,Time 2,450,M1/,1.900,1.110,1.069,0.598,48.000,61.000,-0.002,-0.002,0.000,0.001,0.001,0.000,-0.002,0.001,0.003,-0.001,-0.004,-0.008,0.002,0.005,-0.002,-0.012,-0.015,-0.001,-0.007,0.005,-0.001,-0.001,-0.012,0.006,0.009,-0.001,-0.021,0.014
199,33187,Karnimata sp.,,10.2,Time 2,450,M1/,1.920,1.140,1.054,0.563,47.000,64.000,0.000,0.000,0.003,0.001,-0.002,0.002,-0.001,0.005,0.000,0.001,0.002,0.005,-0.004,0.006,0.003,0.011,-0.010,0.000,-0.005,0.000,0.014,-0.026,0.010,0.006,0.005,0.002,-0.004,0.023
200,33936,Karnimata sp.,,10.5,Time 2,259,M1/,1.790,1.140,1.135,0.551,48.000,62.000,-0.004,-0.003,0.000,0.000,-0.002,-0.001,-0.003,-0.005,-0.001,0.001,-0.001,-0.002,0.005,0.005,-0.010,0.003,-0.004,-0.009,-0.011,-0.001,0.016,-0.006,0.028,0.015,0.036,-0.006,0.001,0.014
201,33939,Karnimata sp.,,10.5,Time 2,259,M1/,1.840,1.090,1.143,0.548,42.000,50.000,0.000,0.001,-0.003,0.000,0.002,-0.005,0.001,0.000,-0.002,0.000,-0.003,-0.008,0.002,0.004,0.004,0.004,0.003,-0.001,0.002,-0.001,-0.006,0.009,-0.011,0.020,0.009,0.028,-0.006,-0.011
202,33946,Karnimata sp.,,10.5,Time 2,259,M1/,1.980,1.160,1.065,0.482,36.000,64.000,0.002,0.001,-0.001,0.000,0.000,-0.002,-0.001,0.002,0.003,0.004,0.002,0.012,-0.004,0.001,0.001,-0.008,-0.010,0.001,-0.027,0.017,-0.021,-0.002,0.002,0.010,0.012,0.002,0.000,0.039
203,33958,Karnimata sp.,,10.5,Time 2,259,M1/,2.020,1.160,1.099,0.647,31.000,50.000,-0.002,-0.002,0.000,-0.001,-0.002,-0.001,-0.001,-0.006,-0.002,0.001,-0.002,-0.001,0.001,0.003,-0.009,-0.001,0.005,-0.003,0.008,0.004,-0.004,0.001,0.013,0.020,0.031,-0.001,-0.021,-0.004
204,33960,Karnimata sp.,,10.5,Time 2,259,M1/,1.950,1.120,1.075,0.539,35.000,62.000,0.000,-0.001,0.000,-0.001,-0.001,0.000,-0.001,-0.002,0.002,-0.001,-0.001,-0.002,0.000,0.003,-0.003,-0.008,-0.008,0.002,0.002,0.007,-0.002,-0.001,0.003,0.012,-0.008,0.017,-0.009,0.016
205,33964,Karnimata sp.,,10.5,Time 2,259,M1/,1.770,1.100,1.075,0.500,51.000,67.000,-0.003,-0.003,0.002,0.001,-0.001,0.000,-0.003,-0.008,0.000,0.003,0.004,0.002,0.005,-0.001,-0.007,-0.005,-0.004,0.007,0.000,-0.008,0.012,0.002,0.018,-0.002,0.007,0.005,0.000,0.008
206,33967,Karnimata sp.,Progonomys sp.,10.5,Time 2,259,M1/,1.860,1.140,1.123,0.522,38.000,69.000,0.000,-0.001,0.002,0.000,-0.002,0.001,-0.001,-0.003,-0.001,0.000,0.000,0.003,-0.002,0.002,-0.003,0.002,0.003,0.006,0.005,0.008,-0.009,0.004,0.010,0.007,-0.009,0.005,0.013,-0.013
207,33969,Karnimata sp.,,10.5,Time 2,259,M1/,1.950,1.140,1.054,0.495,45.000,67.000,0.000,0.001,-0.001,0.001,0.002,0.000,0.002,0.009,0.002,0.001,-0.003,-0.003,-0.001,0.003,0.001,0.009,0.001,-0.013,0.003,0.015,0.001,-0.005,-0.006,0.002,-0.011,0.005,-0.019,0.019
208,33972,Karnimata sp.,Progonomys sp.,10.5,Time 2,259,M1/,1.840,1.130,1.070,0.422,34.000,59.000,-0.001,0.000,0.001,0.000,-0.001,0.000,0.000,-0.006,-0.002,0.001,0.001,-0.004,0.005,-0.001,-0.004,0.004,0.003,0.000,0.004,-0.016,0.019,-0.001,0.013,0.016,-0.002,0.001,-0.024,-0.011
209,33940,morphotype 1,,10.5,Time 2,259,M1/,2.000,1.070,1.034,0.619,46.000,57.000,0.001,0.001,0.002,-0.001,-0.004,0.000,-0.002,-0.008,-0.004,-0.002,-0.004,0.000,-0.003,0.010,-0.003,0.013,0.008,-0.003,0.005,0.022,-0.018,-0.003,-0.020,-0.025,-0.014,0.004,-0.025,0.040
210,33945,morphotype 1,,10.5,Time 2,259,M1/,2.030,1.210,1.104,0.602,39.000,59.000,0.003,0.002,-0.001,0.000,0.002,0.000,0.003,0.007,-0.001,0.002,-0.002,-0.003,-0.005,0.000,0.008,0.006,0.001,0.003,-0.003,0.022,-0.016,-0.007,-0.019,-0.002,0.024,-0.004,0.027,0.010
211,33948,morphotype 1,,10.5,Time 2,259,M1/,2.130,1.270,1.083,0.591,38.000,65.000,0.001,0.000,-0.001,0.000,0.000,-0.001,0.001,0.005,0.001,-0.001,-0.002,-0.001,-0.003,0.006,0.008,0.002,-0.013,-0.001,-0.016,0.010,-0.012,0.008,-0.021,0.021,0.004,0.003,-0.017,0.012
212,33947,Progonomys sp.,,10.5,Time 2,259,M1/,2.070,1.220,1.099,0.436,35.000,57.000,0.000,0.000,-0.002,-0.001,0.000,-0.001,0.001,0.002,0.001,-0.002,-0.003,-0.004,0.001,0.002,-0.002,-0.003,-0.006,-0.006,-0.008,0.001,0.005,-0.004,0.036,0.006,0.004,-0.010,-0.020,0.003
213,33959,Progonomys sp.,,10.5,Time 2,259,M1/,1.730,1.010,1.105,0.388,45.000,68.000,-0.003,-0.003,0.001,0.001,0.000,-0.001,-0.001,0.000,0.000,0.003,0.001,-0.002,0.001,0.001,-0.004,0.005,-0.001,0.007,0.021,0.000,0.012,-0.011,-0.002,0.004,0.001,0.000,-0.021,0.006
214,33961,Progonomys sp.,,10.5,Time 2,259,M1/,1.850,1.080,1.086,0.449,29.000,68.000,-0.001,-0.002,0.002,0.000,-0.002,0.000,-0.003,-0.008,-0.002,0.001,0.001,-0.005,0.004,0.005,-0.001,0.000,-0.006,0.006,0.010,-0.011,0.007,0.005,0.002,-0.008,-0.027,0.003,-0.013,0.001
215,33962,Progonomys sp.,,10.5,Time 2,259,M1/,1.870,1.070,1.046,0.467,32.000,63.000,0.000,-0.001,0.000,-0.001,0.000,0.000,0.001,0.001,0.000,0.001,-0.003,-0.004,-0.002,0.002,0.000,0.000,-0.007,-0.003,0.013,0.005,0.000,0.006,-0.016,0.009,0.008,0.013,-0.048,-0.020
216,33963,Progonomys sp.,,10.5,Time 2,259,M1/,2.000,1.090,1.036,0.440,36.000,70.000,-0.001,-0.001,0.001,-0.001,-0.001,0.000,0.000,-0.001,0.001,0.006,0.001,0.000,-0.001,0.004,-0.003,-0.002,-0.013,-0.003,0.007,0.007,0.012,0.002,-0.008,0.009,0.011,0.004,-0.061,0.011
217,33965,Progonomys sp.,,10.5,Time 2,259,M1/,1.710,1.030,1.080,0.414,33.000,66.000,0.001,0.000,-0.003,-0.004,-0.004,-0.002,0.001,-0.007,0.001,-0.001,-0.001,0.001,-0.004,0.001,-0.002,-0.014,-0.011,0.000,0.012,0.004,-0.017,0.013,-0.015,0.012,-0.023,0.000,-0.010,-0.036
218,33968,Progonomys sp.,,10.5,Time 2,259,M1/,1.850,1.070,1.024,0.474,48.000,74.000,0.002,0.001,0.000,0.000,0.001,0.002,0.001,0.007,0.002,-0.005,0.000,0.000,-0.002,0.001,0.007,-0.009,-0.008,0.002,-0.009,-0.001,0.006,0.008,-0.010,0.006,-0.005,-0.011,-0.024,0.032
219,33973,Progonomys sp.,,10.5,Time 2,259,M1/,1.960,1.150,1.116,0.511,42.000,82.000,-0.002,-0.002,0.002,0.001,0.000,0.000,-0.003,0.002,-0.001,0.000,0.000,0.004,0.000,0.007,0.000,0.004,0.001,0.000,0.000,-0.001,-0.013,0.010,0.008,0.009,-0.005,0.010,-0.012,0.001
220,33974,Progonomys sp.,,10.5,Time 2,259,M1/,1.870,1.080,1.124,0.481,35.000,65.000,-0.002,-0.002,0.001,0.000,-0.001,0.000,-0.001,0.000,0.000,0.002,0.004,0.001,0.001,0.003,-0.001,-0.002,-0.005,0.011,0.019,0.010,0.025,0.002,-0.013,0.008,-0.001,-0.016,-0.036,0.010
221,33976,Progonomys sp.,,10.5,Time 2,259,M1/,1.880,1.100,1.075,0.447,46.000,74.000,0.001,0.001,0.000,-0.002,0.000,0.000,0.003,0.001,-0.001,0.006,0.000,-0.005,-0.007,-0.005,0.007,0.003,-0.010,0.010,0.012,-0.004,-0.015,-0.007,-0.020,0.005,0.000,-0.015,-0.035,-0.039
222,33852,? Karnimata,,11.15,Time 1,797,M1/,1.930,1.220,1.169,0.457,41.000,77.000,0.001,0.000,0.000,-0.001,-0.001,0.001,0.000,-0.005,0.001,0.001,0.001,0.006,-0.003,-0.005,-0.003,-0.006,0.002,0.004,0.005,0.013,-0.020,0.019,-0.024,-0.021,-0.010,-0.006,0.030,-0.012
223,33866,? Karnimata,,11.15,Time 1,797,M1/,1.950,1.220,1.181,0.464,41.000,63.000,0.002,0.002,-0.002,-0.001,0.001,0.000,0.003,0.002,0.001,-0.001,-0.001,0.000,-0.003,-0.007,0.001,-0.002,0.004,-0.001,-0.004,0.009,-0.008,-0.005,0.003,0.004,-0.001,-0.018,0.004,-0.003
224,33876,? Karnimata,,11.15,Time 1,797,M1/,1.930,1.210,1.115,0.492,43.000,56.000,0.000,0.000,0.002,0.002,0.002,0.002,-0.002,0.006,-0.002,-0.003,-0.002,-0.002,0.001,0.004,0.002,0.010,0.006,0.001,-0.007,0.000,-0.004,-0.009,0.036,-0.003,0.001,-0.007,0.004,-0.002
225,36822,? Karnimata,,11.15,Time 1,797,M1/,2.230,1.250,1.115,0.482,39.000,67.000,0.003,0.003,-0.001,-0.001,0.001,0.000,0.004,-0.003,-0.004,0.003,0.002,-0.001,-0.001,-0.005,0.002,0.004,0.017,0.001,0.016,-0.005,0.003,0.010,0.004,-0.004,0.004,0.005,-0.029,-0.001
226,33869,Progonomys hussaini,,11.15,Time 1,797,M1/,1.800,1.120,1.123,0.539,39.000,72.000,0.002,0.002,-0.001,-0.001,-0.001,0.001,0.000,-0.002,0.002,-0.004,0.000,0.000,0.000,0.000,0.000,-0.008,-0.003,-0.006,-0.008,0.003,0.003,-0.004,-0.003,-0.007,-0.022,0.003,-0.002,0.021
227,33878,Progonomys hussaini,,11.15,Time 1,797,M1/,1.810,1.070,1.080,0.394,31.000,75.000,0.001,0.001,0.000,-0.002,-0.002,0.000,0.002,-0.005,-0.001,0.004,-0.002,-0.005,-0.004,0.000,-0.002,0.001,0.002,0.002,0.033,0.015,-0.009,-0.003,-0.043,0.004,-0.008,0.020,-0.020,-0.027
228,36819,Progonomys hussaini,,11.15,Time 1,797,M1/,1.720,1.050,1.068,0.381,42.000,69.000,0.000,0.001,-0.001,-0.001,0.000,-0.001,0.001,-0.001,0.000,0.003,0.001,0.002,-0.001,-0.002,-0.002,0.006,0.005,-0.008,0.007,0.000,0.003,0.000,-0.013,-0.010,-0.016,-0.017,-0.021,-0.002
229,36821,Progonomys hussaini,,11.15,Time 1,797,M1/,1.860,1.100,1.111,0.521,39.000,80.000,0.002,0.002,-0.002,0.001,0.002,-0.001,0.004,0.006,-0.001,0.000,0.000,-0.001,-0.002,-0.004,0.007,0.012,0.011,0.003,0.005,0.006,0.001,0.005,-0.007,-0.009,-0.016,0.013,-0.004,0.019
230,36823,Progonomys hussaini,,11.15,Time 1,797,M1/,1.680,1.090,1.143,0.523,39.000,74.000,0.000,0.000,0.000,0.001,0.001,-0.002,-0.001,-0.007,0.001,0.004,0.007,0.006,0.005,-0.007,-0.005,-0.004,0.003,0.019,-0.014,0.009,0.011,-0.011,-0.002,0.003,0.002,-0.005,0.037,0.003
231,36826,Progonomys hussaini,,11.15,Time 1,797,M1/,1.800,1.100,1.099,0.596,43.000,82.000,0.000,-0.001,-0.001,-0.001,-0.002,-0.002,-0.001,-0.006,0.002,-0.001,0.001,0.005,-0.001,0.004,-0.003,-0.010,-0.004,0.002,0.000,0.016,-0.006,0.008,-0.038,0.000,-0.022,0.033,0.014,0.019
232,34973,? Karnimata,,11.2,Time 1,791,M1/,1.900,1.190,1.127,0.405,30.000,57.000,-0.002,-0.002,-0.003,0.001,0.001,-0.004,0.000,0.007,-0.001,-0.006,-0.001,0.002,0.001,0.004,0.003,0.013,0.012,0.001,0.001,0.004,-0.005,-0.012,0.005,0.004,0.000,0.023,0.001,-0.020
233,34975,? Karnimata,,11.2,Time 1,791,M1/,1.920,1.230,1.162,0.405,38.000,67.000,0.000,0.000,0.000,0.000,0.000,0.000,-0.001,0.000,0.000,-0.001,0.002,0.005,0.000,-0.002,-0.001,-0.001,0.007,0.005,0.000,0.004,-0.004,-0.013,0.010,0.000,0.001,-0.017,0.011,-0.024
234,34963,Progonomys hussaini,,11.2,Time 1,791,M1/,1.770,1.070,1.118,0.466,23.000,76.000,0.000,-0.001,-0.002,-0.002,-0.002,-0.004,-0.001,-0.006,0.001,0.000,0.003,0.008,-0.002,-0.002,-0.002,-0.008,-0.001,0.010,0.005,0.013,-0.013,-0.006,-0.025,-0.004,-0.017,-0.006,0.005,-0.021
235,34965,Progonomys hussaini,,11.2,Time 1,791,M1/,1.710,1.060,1.111,0.440,35.000,59.000,-0.001,0.001,-0.001,0.001,0.002,-0.004,0.000,-0.005,0.000,0.007,0.003,-0.001,0.006,0.001,-0.005,0.002,0.003,0.002,-0.002,0.005,0.012,0.001,-0.001,0.010,-0.007,-0.002,-0.001,-0.012
236,34976,Progonomys hussaini,,11.2,Time 1,791,M1/,1.940,1.140,1.099,0.467,38.000,68.000,0.002,0.003,-0.003,-0.001,0.001,-0.002,0.004,0.004,-0.001,0.001,-0.004,-0.006,-0.004,-0.002,0.006,0.006,0.010,-0.011,0.014,0.008,-0.015,0.003,-0.029,-0.012,-0.008,0.001,-0.009,-0.005
237,54023,Progonomys hussaini,,11.32,Time 1,809,M1/,1.890,1.130,1.142,0.556,38.000,83.000,-0.001,-0.001,0.001,0.000,-0.001,0.000,-0.001,-0.002,-0.003,-0.006,-0.005,-0.007,0.001,0.008,-0.001,0.008,0.012,0.003,0.013,0.020,-0.012,0.003,0.000,-0.010,-0.025,-0.004,0.032,0.021
238,54027,Progonomys hussaini,,11.32,Time 1,809,M1/,1.810,1.080,1.086,0.443,46.000,64.000,-0.001,-0.001,-0.001,0.000,0.000,-0.001,0.001,0.000,0.001,0.001,0.000,0.003,-0.001,-0.003,-0.003,0.004,0.005,0.005,0.004,0.020,-0.005,-0.005,-0.017,-0.004,-0.006,0.000,0.016,-0.004
239,54031,Progonomys hussaini,,11.32,Time 1,809,M1/,1.960,1.120,1.136,0.440,30.000,72.000,0.002,0.002,0.000,-0.001,-0.001,0.001,0.002,0.003,-0.002,-0.003,-0.003,-0.004,-0.005,0.006,0.008,0.007,0.006,-0.004,0.016,0.015,-0.014,-0.003,-0.028,0.000,-0.025,0.009,-0.013,0.002
240,33572,New Genus,Progonomys hussaini,11.35,,76,M1/,1.790,1.160,1.160,0.474,31.000,74.000,-0.002,-0.001,0.000,0.002,0.002,-0.002,-0.002,0.003,0.000,0.000,0.000,0.003,0.002,0.002,-0.001,0.002,0.004,0.001,-0.005,-0.004,-0.010,0.010,0.024,-0.003,0.005,0.005,0.029,-0.003
241,33580,New Genus,Progonomys hussaini,11.35,,76,M1/,1.830,1.140,1.148,0.398,37.000,73.000,0.000,0.000,-0.001,-0.001,-0.001,-0.001,0.001,-0.002,-0.002,0.000,0.003,0.005,0.000,-0.004,-0.001,0.000,0.013,0.017,0.018,0.015,0.001,-0.007,0.025,-0.020,-0.016,-0.016,0.025,-0.012
242,33584,New Genus,Progonomys hussaini,11.35,,76,M1/,1.750,1.130,1.155,0.445,52.000,56.000,0.001,0.001,0.000,0.000,0.000,0.000,0.000,0.004,0.000,-0.004,0.004,0.008,-0.001,0.003,0.004,-0.004,0.006,-0.001,0.005,0.001,0.011,-0.004,0.013,-0.019,-0.030,-0.007,0.018,-0.005
243,33586,New Genus,Progonomys hussaini,11.35,,76,M1/,1.690,1.130,1.105,0.474,48.000,80.000,0.001,0.002,0.000,0.001,0.001,0.000,-0.001,0.002,0.001,-0.003,0.002,0.005,0.001,0.001,0.000,-0.008,0.011,0.002,0.008,0.012,-0.004,-0.006,0.009,-0.032,-0.035,-0.003,0.043,-0.014
244,33591,New Genus,Progonomys hussaini,11.35,,76,M1/,1.750,1.110,1.143,0.505,33.000,76.000,0.001,0.000,-0.003,-0.002,0.000,-0.002,0.002,-0.001,0.000,0.000,-0.004,-0.007,-0.002,0.000,0.004,0.000,-0.007,0.002,0.015,0.007,-0.008,0.018,-0.021,-0.005,-0.024,0.026,0.022,-0.032
245,33592,New Genus,Progonomys hussaini,11.35,,76,M1/,1.690,1.110,1.169,0.542,42.000,72.000,-0.004,-0.004,0.002,0.000,-0.002,0.001,-0.002,-0.002,0.000,-0.007,0.002,0.002,0.004,-0.001,-0.001,-0.004,0.003,0.008,0.011,-0.011,0.010,0.016,0.001,-0.016,-0.021,0.005,0.011,-0.030
246,33564,Progonomys hussaini,,11.35,Time 1,76,M1/,1.720,0.940,0.985,0.504,47.000,60.000,0.000,-0.001,0.000,-0.001,0.000,0.001,0.002,0.001,0.003,0.003,0.005,0.009,-0.003,-0.011,-0.001,-0.002,-0.005,0.012,-0.006,0.015,0.014,-0.001,-0.035,0.005,0.028,-0.039,-0.023,0.002
247,33566,Progonomys hussaini,,11.35,Time 1,76,M1/,1.870,1.100,1.052,0.430,34.000,76.000,-0.001,-0.001,0.001,0.001,0.000,0.001,0.000,0.002,-0.001,-0.002,-0.003,-0.007,0.001,0.003,-0.001,0.007,0.001,-0.005,0.011,-0.003,0.010,-0.011,-0.007,0.007,0.009,0.013,-0.004,0.017
248,33567,Progonomys hussaini,,11.35,Time 1,76,M1/,1.870,1.120,1.099,0.603,45.000,64.000,0.000,0.000,0.002,0.001,0.001,0.001,-0.001,0.000,-0.002,0.001,-0.002,-0.003,0.002,0.008,0.000,0.003,0.003,-0.010,0.015,-0.003,0.013,0.014,-0.021,0.003,-0.001,0.027,-0.027,-0.005
249,33568,Progonomys hussaini,,11.35,Time 1,76,M1/,1.950,1.110,1.047,0.516,37.000,58.000,0.003,0.003,-0.003,-0.002,-0.001,0.001,0.004,0.002,0.001,0.000,-0.002,-0.001,-0.006,-0.004,0.002,-0.001,-0.002,-0.005,-0.004,0.020,-0.004,-0.021,0.010,0.011,-0.013,0.005,-0.021,-0.005
250,33569,Progonomys hussaini,,11.35,Time 1,76,M1/,1.860,1.100,1.075,0.491,44.000,60.000,0.000,0.000,0.002,0.001,0.000,0.001,-0.001,0.001,0.000,-0.001,0.005,0.007,0.002,0.000,-0.001,-0.006,0.005,0.009,0.007,0.005,0.022,-0.006,0.021,-0.015,-0.022,-0.002,-0.024,0.016
251,33570,Progonomys hussaini,,11.35,Time 1,76,M1/,1.950,1.090,1.036,0.440,34.000,55.000,-0.001,0.000,0.001,0.002,0.002,-0.001,0.001,0.008,0.001,0.007,0.004,0.007,-0.002,-0.001,0.003,0.014,0.008,-0.001,0.016,-0.002,-0.004,0.005,-0.014,0.009,-0.016,0.007,-0.017,0.001
252,33571,Progonomys hussaini,,11.35,Time 1,76,M1/,1.710,1.080,1.151,0.415,35.000,66.000,-0.001,0.000,-0.001,0.000,-0.001,-0.002,-0.001,-0.002,0.001,0.000,0.000,0.004,0.000,0.004,-0.004,0.002,0.002,-0.005,0.002,0.009,0.000,-0.008,0.002,-0.007,-0.021,0.003,0.006,-0.016
253,33581,Progonomys hussaini,,11.35,Time 1,76,M1/,1.860,1.100,1.111,0.446,35.000,57.000,-0.001,0.000,-0.001,-0.001,-0.001,0.000,0.001,-0.005,0.001,0.000,0.001,0.003,-0.001,-0.007,-0.005,0.004,0.004,0.000,-0.007,0.004,-0.003,-0.007,-0.002,0.008,-0.007,-0.010,-0.023,-0.018
254,33583,Progonomys hussaini,,11.35,Time 1,76,M1/,1.740,1.000,1.048,0.442,54.000,66.000,0.001,0.001,0.003,0.001,-0.001,0.005,0.001,0.004,0.000,-0.005,-0.001,0.003,-0.002,0.003,0.001,-0.001,0.006,-0.010,0.009,0.007,0.011,0.019,-0.012,-0.003,-0.034,0.009,-0.029,0.028
255,33585,Progonomys hussaini,,11.35,Time 1,76,M1/,1.810,1.050,1.033,0.405,28.000,51.000,-0.004,-0.003,-0.001,0.001,0.001,-0.001,-0.001,-0.003,0.001,0.001,-0.003,-0.003,0.004,0.001,-0.007,0.003,0.008,-0.005,0.018,0.001,-0.001,0.018,-0.002,-0.011,-0.032,0.004,-0.029,0.001
256,33587,Progonomys hussaini,,11.35,Time 1,76,M1/,1.680,1.010,1.067,0.430,42.000,64.000,0.000,0.000,0.000,-0.002,-0.002,0.000,0.003,-0.003,-0.002,0.002,0.002,0.001,-0.002,-0.001,0.000,0.006,0.002,-0.002,0.015,-0.005,0.016,0.011,-0.017,0.012,0.013,0.017,-0.019,-0.003
257,33588,Progonomys hussaini,,11.35,Time 1,76,M1/,1.930,1.130,1.129,0.434,41.000,80.000,-0.001,0.000,0.000,0.001,0.002,0.000,0.000,0.001,0.000,0.003,0.000,-0.001,0.001,-0.004,-0.001,0.009,0.011,0.006,0.013,0.010,-0.007,0.000,-0.011,-0.012,-0.028,-0.003,0.003,0.001
258,53814,Progonomys hussaini,,11.54,Time 1,83,M1/,1.740,1.000,1.036,0.511,38.000,73.000,-0.002,-0.002,0.003,0.002,0.000,0.002,-0.004,-0.006,0.000,0.001,0.003,0.004,0.004,0.003,-0.004,-0.007,0.001,0.011,0.001,0.005,0.007,0.003,0.000,-0.007,-0.014,-0.008,-0.025,0.016
259,33639,Progonomys hussaini,,11.6,Time 1,504,M1/,1.760,1.040,1.074,0.478,38.000,77.000,0.000,-0.001,-0.001,-0.001,-0.002,-0.001,0.000,-0.002,-0.001,-0.006,-0.003,0.001,0.000,0.003,0.000,0.001,0.011,0.000,0.004,0.009,-0.013,0.004,-0.003,-0.013,-0.031,0.008,0.021,0.010
260,33801,Progonomys hussaini,,11.6,Time 1,504,M1/,1.860,1.010,1.054,0.432,38.000,69.000,0.002,0.002,-0.002,-0.001,0.001,-0.001,0.002,0.003,0.000,0.001,-0.001,-0.002,-0.003,0.003,0.006,0.003,0.001,-0.009,0.004,0.008,-0.008,0.004,-0.029,-0.007,-0.011,0.018,-0.016,0.043
261,33330,near Progonomys,Progonomys sp.,12.3,,634,M1/,1.890,1.140,1.099,0.456,29.000,58.000,0.003,0.003,0.001,-0.001,0.000,0.003,0.003,-0.003,0.000,0.003,0.004,0.002,-0.004,-0.010,0.002,-0.001,0.001,0.005,-0.007,0.001,0.002,0.004,-0.025,0.009,-0.004,0.004,-0.010,-0.008
262,33338,near Progonomys,Progonomys sp.,12.3,,634,M1/,1.790,1.110,1.169,0.532,34.000,69.000,0.001,0.002,-0.001,0.002,0.002,-0.002,0.000,0.000,-0.003,-0.001,0.001,0.004,0.001,0.004,0.002,0.010,0.023,-0.001,0.000,0.005,-0.012,-0.007,-0.028,-0.016,0.002,0.034,0.042,0.004
263,33705,near Progonomys,,12.35,,496,M1/,2.000,1.200,1.077,0.486,45.000,53.000,0.003,0.003,-0.002,-0.002,-0.001,0.000,0.005,0.002,0.000,0.001,0.000,0.003,-0.005,-0.005,0.003,0.004,0.010,-0.007,0.007,0.008,0.001,-0.004,0.002,-0.015,-0.029,0.007,-0.001,0.001
264,45013,near Progonomys,,12.35,,496,M1/,1.860,1.170,1.166,0.444,41.000,70.000,0.003,0.002,-0.004,-0.002,0.000,-0.002,0.003,-0.001,0.001,-0.003,-0.001,0.000,-0.001,-0.002,0.002,-0.010,0.004,-0.003,0.006,0.011,-0.004,0.004,-0.013,-0.017,-0.030,-0.019,0.004,-0.018
265,45019,near Progonomys,,12.35,,496,M1/,1.910,1.180,1.110,0.582,51.000,69.000,0.003,0.002,-0.001,0.000,0.000,-0.002,-0.001,-0.001,-0.003,-0.002,0.000,0.002,0.001,0.007,0.002,0.001,0.012,0.002,-0.004,0.024,-0.007,-0.008,0.018,-0.028,-0.012,0.000,0.028,0.016
266,45020,near Progonomys,,12.35,,496,M1/,1.840,1.150,1.141,0.500,35.000,65.000,0.003,0.002,-0.003,-0.001,-0.001,-0.004,0.001,0.002,0.000,-0.002,0.003,0.012,-0.005,0.005,0.004,-0.006,0.007,-0.002,-0.003,0.022,-0.006,-0.010,-0.005,-0.004,-0.007,0.009,0.023,0.000
267,45024,near Progonomys,,12.35,,496,M1/,1.730,1.090,1.081,0.381,26.000,68.000,0.002,0.002,-0.003,-0.002,-0.001,0.001,0.009,-0.002,-0.001,0.005,0.000,-0.001,-0.007,-0.013,-0.002,0.007,0.012,0.009,0.024,0.022,0.007,-0.001,-0.018,0.028,-0.002,-0.013,0.012,-0.046
268,40055,Antemus chinjiensis,,12.75,,714,M1/,1.840,1.090,1.093,0.555,43.000,57.000,0.001,0.001,-0.001,-0.002,0.000,0.002,0.003,0.005,0.003,0.003,-0.002,-0.002,-0.007,-0.003,0.001,-0.005,-0.006,-0.007,0.030,0.012,-0.004,-0.003,-0.034,-0.001,-0.014,-0.039,-0.031,-0.010
269,53859,Antemus chinjiensis,,12.75,,825,M1/,1.700,1.010,1.043,0.470,38.000,84.000,0.001,0.002,0.002,0.000,-0.001,0.003,-0.001,-0.008,0.001,0.003,0.001,0.002,0.002,-0.005,-0.009,-0.004,0.005,0.002,0.003,0.028,0.007,-0.013,-0.015,-0.014,-0.014,-0.023,0.010,0.021
270,33450,Antemus chinjiensis,,13.1,,690,M1/,1.870,1.190,1.127,0.511,39.000,78.000,0.000,-0.001,0.001,-0.001,-0.001,0.001,0.000,0.002,0.001,0.001,0.000,0.006,-0.006,-0.001,0.003,-0.003,-0.002,0.009,0.009,0.016,-0.019,-0.004,-0.030,0.003,-0.018,-0.028,0.040,-0.021
271,33803,Antemus chinjiensis,,13.18,,718,M1/,1.900,1.140,1.110,0.470,35.000,48.000,-0.002,-0.001,-0.001,0.000,0.001,-0.001,0.002,0.000,0.003,0.006,0.002,0.004,-0.002,-0.007,-0.006,0.000,0.002,-0.002,0.021,0.011,0.002,-0.003,-0.022,-0.006,-0.012,-0.024,0.000,0.003
272,33810,Antemus chinjiensis,,13.18,,718,M1/,1.890,1.140,1.110,0.505,36.000,69.000,-0.001,0.000,0.001,0.000,0.000,0.003,0.001,-0.003,0.001,0.005,0.001,0.002,-0.002,-0.011,-0.007,0.001,0.014,0.001,0.031,0.011,-0.008,-0.002,-0.029,-0.015,-0.013,-0.020,-0.006,-0.023
273,33830,Antemus chinjiensis,,13.18,,718,M1/,1.790,1.190,1.152,0.506,33.000,75.000,-0.002,0.000,0.000,0.002,0.002,0.000,-0.001,0.001,0.001,0.003,-0.002,-0.001,0.002,-0.001,-0.004,0.006,0.012,-0.012,0.011,-0.006,-0.009,-0.013,-0.014,-0.017,-0.014,-0.014,0.035,-0.035
274,45006,Antemus chinjiensis,,13.18,,718,M1/,1.950,1.200,1.099,0.560,39.000,67.000,0.003,0.001,-0.001,-0.003,-0.002,0.002,0.003,0.006,0.001,0.000,-0.001,0.005,-0.013,-0.003,0.008,-0.002,-0.003,-0.009,0.015,-0.002,-0.022,-0.008,-0.028,0.001,-0.013,-0.009,0.004,-0.010
275,36769,Antemus chinjiensis,,13.6,,651,M1/,1.920,1.230,1.150,0.270,42.000,64.000,0.002,0.002,0.002,0.000,0.001,0.003,0.002,0.002,0.000,0.004,0.004,0.004,-0.003,-0.004,0.003,-0.002,0.004,0.005,0.013,0.009,0.005,-0.008,-0.027,0.000,-0.008,-0.015,0.011,-0.020
276,36772,Antemus chinjiensis,,13.6,,651,M1/,1.790,1.100,1.087,0.273,38.000,69.000,0.000,0.000,0.001,0.000,0.001,0.002,0.000,0.001,0.001,0.003,-0.003,-0.005,-0.002,0.000,-0.002,-0.005,0.001,-0.009,0.025,0.005,-0.017,0.002,-0.028,-0.024,-0.025,-0.001,-0.013,-0.032
277,36779,Antemus chinjiensis,,13.6,,651,M1/,1.660,1.030,1.067,0.304,26.000,67.000,-0.001,0.000,0.000,-0.001,0.000,0.001,0.005,0.002,0.001,0.003,0.000,-0.001,-0.004,-0.010,-0.001,0.012,0.007,-0.005,0.032,0.000,0.016,0.004,-0.020,-0.014,-0.026,0.001,-0.018,-0.056
278,36780,Antemus chinjiensis,,13.6,,651,M1/,1.820,1.040,1.038,0.450,37.000,54.000,0.001,0.002,0.000,-0.001,0.000,0.002,0.003,-0.003,-0.002,0.005,0.001,-0.001,-0.002,-0.008,-0.003,0.007,0.017,0.003,0.027,0.020,0.007,0.002,-0.031,-0.011,-0.004,-0.009,-0.031,0.005
279,36699,Antemus chinjiensis,,13.62,,430,M1/,1.670,1.060,1.099,0.431,37.000,75.000,-0.003,-0.003,-0.001,0.000,0.000,-0.001,0.000,-0.005,0.005,0.005,0.005,0.009,-0.002,-0.012,-0.007,-0.010,0.001,0.012,0.015,0.007,-0.014,0.009,-0.045,-0.002,-0.020,-0.007,0.020,-0.038
280,36706,Antemus chinjiensis,,13.62,,430,M1/,1.820,1.150,1.116,0.379,40.000,67.000,0.000,0.001,-0.001,0.001,0.002,0.000,0.000,-0.001,0.003,0.001,0.001,0.001,0.001,-0.007,-0.002,-0.005,0.011,0.007,0.012,0.015,-0.011,-0.011,-0.036,-0.035,-0.034,-0.001,0.030,-0.010
281,36707,Antemus chinjiensis,,13.62,,430,M1/,1.770,1.070,1.118,0.393,41.000,93.000,-0.003,-0.004,-0.001,0.000,-0.001,-0.001,-0.002,-0.007,0.004,0.000,-0.001,0.007,-0.001,-0.004,-0.008,-0.013,0.001,0.011,0.008,0.036,-0.024,0.002,-0.050,-0.017,-0.014,-0.020,0.018,0.010
282,36718,Antemus chinjiensis,,13.62,,430,M1/,1.890,1.110,1.069,0.340,34.000,68.000,0.000,0.001,0.000,-0.001,0.000,0.000,0.000,-0.008,-0.001,0.005,0.003,0.002,0.002,-0.007,-0.005,-0.007,0.017,0.019,0.033,0.025,-0.004,0.001,-0.040,-0.004,-0.007,-0.024,-0.010,-0.009
283,36719,Antemus chinjiensis,,13.62,,430,M1/,1.810,1.160,1.122,0.536,50.000,80.000,0.001,0.001,-0.001,0.000,0.000,0.000,-0.001,0.001,0.002,-0.003,-0.003,0.007,-0.002,0.003,-0.004,-0.010,0.005,-0.004,-0.009,0.028,-0.029,-0.003,-0.001,-0.007,-0.007,-0.007,0.039,-0.003
284,33448,Antemus chinjiensis,,13.65,,640,M1/,1.690,1.020,1.073,0.305,41.000,68.000,0.000,0.001,0.001,0.000,0.001,0.001,0.001,0.002,0.000,0.003,0.001,0.001,-0.003,-0.004,0.000,-0.002,0.008,0.003,0.027,0.008,-0.006,0.003,-0.025,-0.013,-0.014,-0.009,-0.009,-0.037
285,33740,Antemus chinjiensis,,13.65,,641,M1/,1.540,0.910,1.063,0.357,30.000,65.000,-0.001,-0.001,0.002,-0.001,-0.002,0.003,0.000,-0.004,-0.001,0.000,0.002,0.005,-0.001,0.003,-0.007,-0.010,0.012,-0.004,0.035,0.007,0.014,0.008,-0.026,0.001,-0.001,-0.002,-0.026,-0.011
286,33747,Antemus chinjiensis,,13.65,,641,M1/,1.780,1.110,1.130,0.329,41.000,71.000,0.002,0.002,-0.003,-0.004,-0.002,-0.001,0.005,-0.005,0.001,0.002,0.003,0.002,-0.005,-0.012,0.002,-0.006,-0.001,0.008,0.020,0.004,0.006,0.003,-0.020,-0.007,-0.025,-0.025,-0.006,-0.034
287,36219,Antemus chinjiensis,,13.65,,59,M1/,1.830,1.150,1.116,0.555,24.000,54.000,-0.001,0.000,0.001,0.001,0.001,0.004,0.001,0.007,0.004,0.003,0.002,0.007,-0.005,-0.009,-0.003,-0.006,0.000,-0.001,0.010,0.005,-0.003,-0.004,0.001,-0.007,0.005,-0.015,0.003,-0.010
288,36809,Antemus chinjiensis,,13.65,,640,M1/,1.530,0.900,1.084,0.496,22.000,69.000,0.002,0.002,-0.001,-0.002,-0.001,-0.001,0.003,-0.001,0.001,0.004,0.005,0.006,-0.006,-0.004,0.002,-0.004,-0.001,0.004,0.011,0.008,0.000,0.003,-0.032,0.008,0.001,0.004,-0.017,-0.038
289,26261,Antemus chinjiensis,,13.8,,491,M1/,1.790,1.160,1.122,0.517,31.000,64.000,-0.003,-0.002,0.000,0.000,-0.001,0.000,0.000,-0.005,0.003,0.003,0.000,0.002,0.000,-0.006,-0.011,0.000,0.007,-0.005,0.023,0.015,0.005,-0.002,-0.014,-0.037,-0.024,-0.010,0.006,-0.021
290,26262,Antemus chinjiensis,,13.8,,491,M1/,1.990,1.160,1.065,0.336,36.000,59.000,0.002,0.002,0.000,-0.002,0.000,0.005,0.005,0.008,0.002,0.007,-0.002,-0.002,-0.009,-0.012,0.001,-0.004,-0.004,0.002,0.025,0.025,-0.007,-0.011,-0.013,-0.003,0.009,-0.021,-0.022,-0.029
291,26290,Antemus chinjiensis,,13.8,,491,M1/,1.860,1.170,1.140,0.388,24.000,62.000,-0.003,-0.002,0.001,0.000,0.000,0.002,0.001,-0.002,0.000,-0.001,-0.002,-0.002,0.001,-0.005,-0.008,0.000,0.017,0.003,0.029,0.012,0.001,0.003,-0.002,-0.014,0.001,-0.014,0.004,-0.024
292,36697,Antemus chinjiensis,,13.8,,491,M1/,1.790,1.170,1.153,0.488,45.000,66.000,0.001,0.000,0.001,-0.001,-0.003,0.000,-0.002,-0.007,0.000,-0.001,0.003,0.009,-0.001,0.001,-0.003,-0.006,0.003,0.008,0.001,0.021,-0.008,-0.010,-0.026,-0.007,-0.019,-0.014,0.038,-0.017
293,36698,Antemus chinjiensis,,13.8,,491,M1/,1.790,1.130,1.093,0.439,21.000,57.000,-0.004,-0.004,0.000,0.000,-0.001,0.001,0.000,-0.004,0.002,0.003,-0.001,0.001,-0.001,-0.003,-0.011,-0.006,0.000,0.003,0.022,0.017,0.001,0.001,-0.007,-0.001,0.000,-0.019,-0.012,-0.041
294,36701,Antemus chinjiensis,,13.8,,491,M1/,1.950,1.110,1.093,0.424,26.000,69.000,0.000,-0.001,-0.001,-0.002,-0.001,-0.003,0.001,-0.005,0.003,0.007,0.005,0.007,-0.003,-0.003,-0.004,-0.007,0.001,0.009,0.028,0.030,0.001,0.015,-0.061,-0.018,-0.026,-0.007,-0.012,-0.007
295,36710,Antemus chinjiensis,,13.8,,491,M1/,1.730,1.070,1.080,0.525,24.000,69.000,-0.003,-0.002,-0.002,-0.001,0.000,-0.001,0.002,-0.006,0.002,0.003,-0.002,-0.007,0.003,-0.003,-0.008,-0.003,0.000,-0.005,0.029,0.003,0.015,0.010,-0.020,-0.014,-0.021,-0.009,-0.029,-0.024
296,36711,Antemus chinjiensis,,13.8,,491,M1/,1.820,1.140,1.110,0.386,50.000,71.000,0.000,-0.001,-0.003,-0.002,-0.001,-0.002,0.001,-0.001,0.003,-0.002,0.001,0.007,-0.004,-0.004,-0.001,-0.007,0.004,0.002,0.011,0.023,-0.014,0.003,-0.041,-0.021,-0.027,-0.020,0.009,-0.020
297,36712,Antemus chinjiensis,,13.8,,491,M1/,1.870,1.080,1.052,0.426,35.000,60.000,0.001,0.001,-0.002,-0.001,0.000,0.000,0.004,0.001,0.000,0.002,0.001,0.003,-0.004,-0.008,0.000,0.004,0.009,0.002,0.016,0.018,0.000,-0.011,-0.026,0.006,-0.011,-0.036,-0.012,-0.011
298,36713,Antemus chinjiensis,,13.8,,491,M1/,1.910,1.240,1.144,0.511,43.000,66.000,0.001,0.000,0.001,0.000,-0.001,0.003,0.002,0.004,0.000,-0.003,-0.001,0.003,-0.005,-0.003,0.004,-0.003,0.003,0.005,0.016,0.012,-0.013,-0.002,-0.020,-0.028,-0.022,-0.025,0.008,-0.042
299,36717,Antemus chinjiensis,,13.8,,491,M1/,1.800,1.090,1.105,0.511,24.000,65.000,0.001,0.002,0.000,-0.001,0.000,-0.001,0.000,-0.009,0.000,0.005,0.006,0.006,0.002,-0.006,-0.005,-0.009,0.012,0.013,0.019,0.011,0.001,0.000,-0.045,-0.011,-0.023,-0.008,-0.008,-0.027
300,36720,Antemus chinjiensis,,13.8,,491,M1/,1.960,1.130,1.105,0.466,34.000,60.000,0.002,0.003,-0.001,-0.002,-0.001,0.001,0.005,0.000,-0.001,0.003,0.000,0.001,-0.006,-0.010,0.002,0.004,0.009,0.003,0.018,0.012,-0.004,-0.003,-0.027,0.004,0.008,-0.025,-0.031,-0.024
301,45078,near Antemus,,14.05,,733,M1/,1.660,1.010,,,,,0.001,0.002,0.001,-0.001,-0.001,0.004,0.004,-0.003,-0.002,0.003,-0.001,-0.004,-0.002,-0.011,-0.005,0.006,0.028,0.008,0.054,0.017,0.007,0.012,0.002,-0.022,-0.018,-0.015,-0.010,-0.050
302,45083,near Antemus,,14.05,,733,M1/,1.530,0.930,,,,,0.002,0.002,-0.002,-0.004,-0.002,-0.001,0.005,-0.004,-0.001,0.006,0.003,-0.001,-0.007,-0.009,0.004,-0.002,0.002,0.009,0.045,0.007,-0.004,0.008,-0.047,-0.012,-0.034,-0.012,-0.017,-0.070
303,45090,near Antemus,,14.05,,733,M1/,1.630,0.970,,,,,0.001,0.001,-0.006,-0.004,-0.002,-0.004,0.001,-0.006,0.002,-0.003,-0.009,-0.003,0.000,0.004,-0.008,-0.005,0.010,-0.020,0.017,0.016,-0.029,0.028,-0.049,-0.021,-0.039,0.009,-0.009,-0.037
304,45092,near Antemus,,14.05,,733,M1/,1.780,1.080,,,,,0.000,0.000,-0.004,-0.003,-0.001,-0.002,0.001,-0.006,0.001,-0.003,-0.002,0.003,-0.001,-0.003,-0.008,-0.012,0.016,0.005,0.017,0.028,-0.020,0.005,-0.026,-0.004,0.007,-0.014,-0.004,-0.051
